compound_id,true_target,hard_negative,target_type
COMPOUND_806ebd096539,DISEASE_b2a66b919818,DISEASE_120d64215d86,Disease
COMPOUND_806ebd096539,DISEASE_b2a66b919818,DISEASE_33f32d4c3a5c,Disease
COMPOUND_806ebd096539,DISEASE_b2a66b919818,DISEASE_57750b73b487,Disease
COMPOUND_806ebd096539,DISEASE_b2a66b919818,DISEASE_66ce053b0c0b,Disease
COMPOUND_806ebd096539,DISEASE_b2a66b919818,DISEASE_800f3dcd7399,Disease
COMPOUND_806ebd096539,SYMPTOM_b219d93f90d0,SYMPTOM_01a89e9be65b,Symptom
COMPOUND_806ebd096539,SYMPTOM_b219d93f90d0,SYMPTOM_0ebf3cbae989,Symptom
COMPOUND_806ebd096539,SYMPTOM_b219d93f90d0,SYMPTOM_0f70f3b506e2,Symptom
COMPOUND_806ebd096539,SYMPTOM_b219d93f90d0,SYMPTOM_10d012baa5e9,Symptom
COMPOUND_806ebd096539,SYMPTOM_b219d93f90d0,SYMPTOM_1781e759516c,Symptom
COMPOUND_ac63052cee8e,SYMPTOM_b45199a35d0a,SYMPTOM_01a89e9be65b,Symptom
COMPOUND_ac63052cee8e,SYMPTOM_b45199a35d0a,SYMPTOM_0ebf3cbae989,Symptom
COMPOUND_ac63052cee8e,SYMPTOM_b45199a35d0a,SYMPTOM_0f70f3b506e2,Symptom
COMPOUND_ac63052cee8e,SYMPTOM_b45199a35d0a,SYMPTOM_10d012baa5e9,Symptom
COMPOUND_ac63052cee8e,SYMPTOM_b45199a35d0a,SYMPTOM_1781e759516c,Symptom
COMPOUND_ac63052cee8e,SYMPTOM_52b0760e3443,SYMPTOM_01a89e9be65b,Symptom
COMPOUND_ac63052cee8e,SYMPTOM_52b0760e3443,SYMPTOM_0ebf3cbae989,Symptom
COMPOUND_ac63052cee8e,SYMPTOM_52b0760e3443,SYMPTOM_0f70f3b506e2,Symptom
COMPOUND_ac63052cee8e,SYMPTOM_52b0760e3443,SYMPTOM_10d012baa5e9,Symptom
COMPOUND_ac63052cee8e,SYMPTOM_52b0760e3443,SYMPTOM_1781e759516c,Symptom
COMPOUND_dac1a6903e58,SYMPTOM_8c8e9a9a5f8a,SYMPTOM_01a89e9be65b,Symptom
COMPOUND_dac1a6903e58,SYMPTOM_8c8e9a9a5f8a,SYMPTOM_0ebf3cbae989,Symptom
COMPOUND_dac1a6903e58,SYMPTOM_8c8e9a9a5f8a,SYMPTOM_0f70f3b506e2,Symptom
COMPOUND_dac1a6903e58,SYMPTOM_8c8e9a9a5f8a,SYMPTOM_10d012baa5e9,Symptom
COMPOUND_dac1a6903e58,SYMPTOM_8c8e9a9a5f8a,SYMPTOM_1781e759516c,Symptom
COMPOUND_dac1a6903e58,SYMPTOM_a12879b9590a,SYMPTOM_01a89e9be65b,Symptom
COMPOUND_dac1a6903e58,SYMPTOM_a12879b9590a,SYMPTOM_0ebf3cbae989,Symptom
COMPOUND_dac1a6903e58,SYMPTOM_a12879b9590a,SYMPTOM_0f70f3b506e2,Symptom
COMPOUND_dac1a6903e58,SYMPTOM_a12879b9590a,SYMPTOM_10d012baa5e9,Symptom
COMPOUND_dac1a6903e58,SYMPTOM_a12879b9590a,SYMPTOM_1781e759516c,Symptom
COMPOUND_dac1a6903e58,SYMPTOM_ac4ac57a7b7f,SYMPTOM_01a89e9be65b,Symptom
COMPOUND_dac1a6903e58,SYMPTOM_ac4ac57a7b7f,SYMPTOM_0ebf3cbae989,Symptom
COMPOUND_dac1a6903e58,SYMPTOM_ac4ac57a7b7f,SYMPTOM_0f70f3b506e2,Symptom
COMPOUND_dac1a6903e58,SYMPTOM_ac4ac57a7b7f,SYMPTOM_10d012baa5e9,Symptom
COMPOUND_dac1a6903e58,SYMPTOM_ac4ac57a7b7f,SYMPTOM_1781e759516c,Symptom
COMPOUND_dac1a6903e58,SYMPTOM_0a61ad588557,SYMPTOM_01a89e9be65b,Symptom
COMPOUND_dac1a6903e58,SYMPTOM_0a61ad588557,SYMPTOM_0ebf3cbae989,Symptom
COMPOUND_dac1a6903e58,SYMPTOM_0a61ad588557,SYMPTOM_0f70f3b506e2,Symptom
COMPOUND_dac1a6903e58,SYMPTOM_0a61ad588557,SYMPTOM_10d012baa5e9,Symptom
COMPOUND_dac1a6903e58,SYMPTOM_0a61ad588557,SYMPTOM_1781e759516c,Symptom
COMPOUND_ded323257a5c,DISEASE_578708c54b66,DISEASE_120d64215d86,Disease
COMPOUND_ded323257a5c,DISEASE_578708c54b66,DISEASE_33f32d4c3a5c,Disease
COMPOUND_ded323257a5c,DISEASE_578708c54b66,DISEASE_57750b73b487,Disease
COMPOUND_ded323257a5c,DISEASE_578708c54b66,DISEASE_66ce053b0c0b,Disease
COMPOUND_ded323257a5c,DISEASE_578708c54b66,DISEASE_800f3dcd7399,Disease
COMPOUND_ded323257a5c,SYMPTOM_c6e23b2dca0c,SYMPTOM_01a89e9be65b,Symptom
COMPOUND_ded323257a5c,SYMPTOM_c6e23b2dca0c,SYMPTOM_0ebf3cbae989,Symptom
COMPOUND_ded323257a5c,SYMPTOM_c6e23b2dca0c,SYMPTOM_0f70f3b506e2,Symptom
COMPOUND_ded323257a5c,SYMPTOM_c6e23b2dca0c,SYMPTOM_10d012baa5e9,Symptom
COMPOUND_ded323257a5c,SYMPTOM_c6e23b2dca0c,SYMPTOM_1781e759516c,Symptom
COMPOUND_ded323257a5c,SYMPTOM_ac7049227bb3,SYMPTOM_01a89e9be65b,Symptom
COMPOUND_ded323257a5c,SYMPTOM_ac7049227bb3,SYMPTOM_0ebf3cbae989,Symptom
COMPOUND_ded323257a5c,SYMPTOM_ac7049227bb3,SYMPTOM_0f70f3b506e2,Symptom
COMPOUND_ded323257a5c,SYMPTOM_ac7049227bb3,SYMPTOM_10d012baa5e9,Symptom
COMPOUND_ded323257a5c,SYMPTOM_ac7049227bb3,SYMPTOM_1781e759516c,Symptom
COMPOUND_ded323257a5c,SYMPTOM_7e1aba55d500,SYMPTOM_01a89e9be65b,Symptom
COMPOUND_ded323257a5c,SYMPTOM_7e1aba55d500,SYMPTOM_0ebf3cbae989,Symptom
COMPOUND_ded323257a5c,SYMPTOM_7e1aba55d500,SYMPTOM_0f70f3b506e2,Symptom
COMPOUND_ded323257a5c,SYMPTOM_7e1aba55d500,SYMPTOM_10d012baa5e9,Symptom
COMPOUND_ded323257a5c,SYMPTOM_7e1aba55d500,SYMPTOM_1781e759516c,Symptom
COMPOUND_ded323257a5c,SYMPTOM_dcbbe374bb72,SYMPTOM_01a89e9be65b,Symptom
COMPOUND_ded323257a5c,SYMPTOM_dcbbe374bb72,SYMPTOM_0ebf3cbae989,Symptom
COMPOUND_ded323257a5c,SYMPTOM_dcbbe374bb72,SYMPTOM_0f70f3b506e2,Symptom
COMPOUND_ded323257a5c,SYMPTOM_dcbbe374bb72,SYMPTOM_10d012baa5e9,Symptom
COMPOUND_ded323257a5c,SYMPTOM_dcbbe374bb72,SYMPTOM_1781e759516c,Symptom
COMPOUND_47fe4ec9130d,SYMPTOM_7a90b536d862,SYMPTOM_003993957fb9,Symptom
COMPOUND_47fe4ec9130d,SYMPTOM_7a90b536d862,SYMPTOM_005668237e94,Symptom
COMPOUND_47fe4ec9130d,SYMPTOM_7a90b536d862,SYMPTOM_0071d323d363,Symptom
COMPOUND_47fe4ec9130d,SYMPTOM_7a90b536d862,SYMPTOM_0084e48e9830,Symptom
COMPOUND_47fe4ec9130d,SYMPTOM_7a90b536d862,SYMPTOM_009811abd195,Symptom
COMPOUND_47fe4ec9130d,SYMPTOM_8be6245de13d,SYMPTOM_003993957fb9,Symptom
COMPOUND_47fe4ec9130d,SYMPTOM_8be6245de13d,SYMPTOM_005668237e94,Symptom
COMPOUND_47fe4ec9130d,SYMPTOM_8be6245de13d,SYMPTOM_0071d323d363,Symptom
COMPOUND_47fe4ec9130d,SYMPTOM_8be6245de13d,SYMPTOM_0084e48e9830,Symptom
COMPOUND_47fe4ec9130d,SYMPTOM_8be6245de13d,SYMPTOM_009811abd195,Symptom
COMPOUND_47fe4ec9130d,SYMPTOM_e7a84843ca2f,SYMPTOM_003993957fb9,Symptom
COMPOUND_47fe4ec9130d,SYMPTOM_e7a84843ca2f,SYMPTOM_005668237e94,Symptom
COMPOUND_47fe4ec9130d,SYMPTOM_e7a84843ca2f,SYMPTOM_0071d323d363,Symptom
COMPOUND_47fe4ec9130d,SYMPTOM_e7a84843ca2f,SYMPTOM_0084e48e9830,Symptom
COMPOUND_47fe4ec9130d,SYMPTOM_e7a84843ca2f,SYMPTOM_009811abd195,Symptom
COMPOUND_47fe4ec9130d,SYMPTOM_3467318ecdaa,SYMPTOM_003993957fb9,Symptom
COMPOUND_47fe4ec9130d,SYMPTOM_3467318ecdaa,SYMPTOM_005668237e94,Symptom
COMPOUND_47fe4ec9130d,SYMPTOM_3467318ecdaa,SYMPTOM_0071d323d363,Symptom
COMPOUND_47fe4ec9130d,SYMPTOM_3467318ecdaa,SYMPTOM_0084e48e9830,Symptom
COMPOUND_47fe4ec9130d,SYMPTOM_3467318ecdaa,SYMPTOM_009811abd195,Symptom
COMPOUND_47fe4ec9130d,DISEASE_9fee7a39f2e6,DISEASE_071459a0c2fd,Disease
COMPOUND_47fe4ec9130d,DISEASE_9fee7a39f2e6,DISEASE_093461e46ef0,Disease
COMPOUND_47fe4ec9130d,DISEASE_9fee7a39f2e6,DISEASE_0ace1f8e701c,Disease
COMPOUND_47fe4ec9130d,DISEASE_9fee7a39f2e6,DISEASE_120d64215d86,Disease
COMPOUND_47fe4ec9130d,DISEASE_9fee7a39f2e6,DISEASE_13ef8ee6ec1a,Disease
COMPOUND_5adc4b7903fe,SYMPTOM_49ad1743fb5b,SYMPTOM_01a89e9be65b,Symptom
COMPOUND_5adc4b7903fe,SYMPTOM_49ad1743fb5b,SYMPTOM_0ebf3cbae989,Symptom
COMPOUND_5adc4b7903fe,SYMPTOM_49ad1743fb5b,SYMPTOM_0f70f3b506e2,Symptom
COMPOUND_5adc4b7903fe,SYMPTOM_49ad1743fb5b,SYMPTOM_10d012baa5e9,Symptom
COMPOUND_5adc4b7903fe,SYMPTOM_49ad1743fb5b,SYMPTOM_1781e759516c,Symptom
COMPOUND_5adc4b7903fe,SYMPTOM_52b0760e3443,SYMPTOM_01a89e9be65b,Symptom
COMPOUND_5adc4b7903fe,SYMPTOM_52b0760e3443,SYMPTOM_0ebf3cbae989,Symptom
COMPOUND_5adc4b7903fe,SYMPTOM_52b0760e3443,SYMPTOM_0f70f3b506e2,Symptom
COMPOUND_5adc4b7903fe,SYMPTOM_52b0760e3443,SYMPTOM_10d012baa5e9,Symptom
COMPOUND_5adc4b7903fe,SYMPTOM_52b0760e3443,SYMPTOM_1781e759516c,Symptom
COMPOUND_8951771cfa60,SYMPTOM_8c8e9a9a5f8a,SYMPTOM_003993957fb9,Symptom
COMPOUND_8951771cfa60,SYMPTOM_8c8e9a9a5f8a,SYMPTOM_005668237e94,Symptom
COMPOUND_8951771cfa60,SYMPTOM_8c8e9a9a5f8a,SYMPTOM_0071d323d363,Symptom
COMPOUND_8951771cfa60,SYMPTOM_8c8e9a9a5f8a,SYMPTOM_0084e48e9830,Symptom
COMPOUND_8951771cfa60,SYMPTOM_8c8e9a9a5f8a,SYMPTOM_009811abd195,Symptom
COMPOUND_8951771cfa60,SYMPTOM_a12879b9590a,SYMPTOM_003993957fb9,Symptom
COMPOUND_8951771cfa60,SYMPTOM_a12879b9590a,SYMPTOM_005668237e94,Symptom
COMPOUND_8951771cfa60,SYMPTOM_a12879b9590a,SYMPTOM_0071d323d363,Symptom
COMPOUND_8951771cfa60,SYMPTOM_a12879b9590a,SYMPTOM_0084e48e9830,Symptom
COMPOUND_8951771cfa60,SYMPTOM_a12879b9590a,SYMPTOM_009811abd195,Symptom
COMPOUND_8951771cfa60,SYMPTOM_0a61ad588557,SYMPTOM_003993957fb9,Symptom
COMPOUND_8951771cfa60,SYMPTOM_0a61ad588557,SYMPTOM_005668237e94,Symptom
COMPOUND_8951771cfa60,SYMPTOM_0a61ad588557,SYMPTOM_0071d323d363,Symptom
COMPOUND_8951771cfa60,SYMPTOM_0a61ad588557,SYMPTOM_0084e48e9830,Symptom
COMPOUND_8951771cfa60,SYMPTOM_0a61ad588557,SYMPTOM_009811abd195,Symptom
COMPOUND_8951771cfa60,SYMPTOM_ac4ac57a7b7f,SYMPTOM_003993957fb9,Symptom
COMPOUND_8951771cfa60,SYMPTOM_ac4ac57a7b7f,SYMPTOM_005668237e94,Symptom
COMPOUND_8951771cfa60,SYMPTOM_ac4ac57a7b7f,SYMPTOM_0071d323d363,Symptom
COMPOUND_8951771cfa60,SYMPTOM_ac4ac57a7b7f,SYMPTOM_0084e48e9830,Symptom
COMPOUND_8951771cfa60,SYMPTOM_ac4ac57a7b7f,SYMPTOM_009811abd195,Symptom
COMPOUND_dca0e66d520e,SYMPTOM_de00827d7e8e,SYMPTOM_01a89e9be65b,Symptom
COMPOUND_dca0e66d520e,SYMPTOM_de00827d7e8e,SYMPTOM_0ebf3cbae989,Symptom
COMPOUND_dca0e66d520e,SYMPTOM_de00827d7e8e,SYMPTOM_0f70f3b506e2,Symptom
COMPOUND_dca0e66d520e,SYMPTOM_de00827d7e8e,SYMPTOM_10d012baa5e9,Symptom
COMPOUND_dca0e66d520e,SYMPTOM_de00827d7e8e,SYMPTOM_1781e759516c,Symptom
COMPOUND_dca0e66d520e,DISEASE_42f9fa377b98,DISEASE_120d64215d86,Disease
COMPOUND_dca0e66d520e,DISEASE_42f9fa377b98,DISEASE_33f32d4c3a5c,Disease
COMPOUND_dca0e66d520e,DISEASE_42f9fa377b98,DISEASE_57750b73b487,Disease
COMPOUND_dca0e66d520e,DISEASE_42f9fa377b98,DISEASE_66ce053b0c0b,Disease
COMPOUND_dca0e66d520e,DISEASE_42f9fa377b98,DISEASE_800f3dcd7399,Disease
COMPOUND_74a705b2ad84,SYMPTOM_947c70271d24,SYMPTOM_003993957fb9,Symptom
COMPOUND_74a705b2ad84,SYMPTOM_947c70271d24,SYMPTOM_005668237e94,Symptom
COMPOUND_74a705b2ad84,SYMPTOM_947c70271d24,SYMPTOM_0071d323d363,Symptom
COMPOUND_74a705b2ad84,SYMPTOM_947c70271d24,SYMPTOM_0084e48e9830,Symptom
COMPOUND_74a705b2ad84,SYMPTOM_947c70271d24,SYMPTOM_009811abd195,Symptom
COMPOUND_2716d44b7024,SYMPTOM_76ce1b842ce5,SYMPTOM_01a89e9be65b,Symptom
COMPOUND_2716d44b7024,SYMPTOM_76ce1b842ce5,SYMPTOM_0ebf3cbae989,Symptom
COMPOUND_2716d44b7024,SYMPTOM_76ce1b842ce5,SYMPTOM_0f70f3b506e2,Symptom
COMPOUND_2716d44b7024,SYMPTOM_76ce1b842ce5,SYMPTOM_10d012baa5e9,Symptom
COMPOUND_2716d44b7024,SYMPTOM_76ce1b842ce5,SYMPTOM_1781e759516c,Symptom
COMPOUND_3bcd8ad0daaf,SYMPTOM_15564a4455ce,SYMPTOM_003993957fb9,Symptom
COMPOUND_3bcd8ad0daaf,SYMPTOM_15564a4455ce,SYMPTOM_005668237e94,Symptom
COMPOUND_3bcd8ad0daaf,SYMPTOM_15564a4455ce,SYMPTOM_0071d323d363,Symptom
COMPOUND_3bcd8ad0daaf,SYMPTOM_15564a4455ce,SYMPTOM_0084e48e9830,Symptom
COMPOUND_3bcd8ad0daaf,SYMPTOM_15564a4455ce,SYMPTOM_009811abd195,Symptom
COMPOUND_3d95df452764,DISEASE_e2f37d4a7296,DISEASE_071459a0c2fd,Disease
COMPOUND_3d95df452764,DISEASE_e2f37d4a7296,DISEASE_093461e46ef0,Disease
COMPOUND_3d95df452764,DISEASE_e2f37d4a7296,DISEASE_0ace1f8e701c,Disease
COMPOUND_3d95df452764,DISEASE_e2f37d4a7296,DISEASE_120d64215d86,Disease
COMPOUND_3d95df452764,DISEASE_e2f37d4a7296,DISEASE_13ef8ee6ec1a,Disease
COMPOUND_3d95df452764,SYMPTOM_15564a4455ce,SYMPTOM_003993957fb9,Symptom
COMPOUND_3d95df452764,SYMPTOM_15564a4455ce,SYMPTOM_005668237e94,Symptom
COMPOUND_3d95df452764,SYMPTOM_15564a4455ce,SYMPTOM_0071d323d363,Symptom
COMPOUND_3d95df452764,SYMPTOM_15564a4455ce,SYMPTOM_0084e48e9830,Symptom
COMPOUND_3d95df452764,SYMPTOM_15564a4455ce,SYMPTOM_009811abd195,Symptom
COMPOUND_642328155fbf,SYMPTOM_64c8aca0d1b5,SYMPTOM_003993957fb9,Symptom
COMPOUND_642328155fbf,SYMPTOM_64c8aca0d1b5,SYMPTOM_005668237e94,Symptom
COMPOUND_642328155fbf,SYMPTOM_64c8aca0d1b5,SYMPTOM_0071d323d363,Symptom
COMPOUND_642328155fbf,SYMPTOM_64c8aca0d1b5,SYMPTOM_0084e48e9830,Symptom
COMPOUND_642328155fbf,SYMPTOM_64c8aca0d1b5,SYMPTOM_009811abd195,Symptom
COMPOUND_642328155fbf,SYMPTOM_15564a4455ce,SYMPTOM_003993957fb9,Symptom
COMPOUND_642328155fbf,SYMPTOM_15564a4455ce,SYMPTOM_005668237e94,Symptom
COMPOUND_642328155fbf,SYMPTOM_15564a4455ce,SYMPTOM_0071d323d363,Symptom
COMPOUND_642328155fbf,SYMPTOM_15564a4455ce,SYMPTOM_0084e48e9830,Symptom
COMPOUND_642328155fbf,SYMPTOM_15564a4455ce,SYMPTOM_009811abd195,Symptom
COMPOUND_66c81a6de0b7,DISEASE_e2f37d4a7296,DISEASE_071459a0c2fd,Disease
COMPOUND_66c81a6de0b7,DISEASE_e2f37d4a7296,DISEASE_093461e46ef0,Disease
COMPOUND_66c81a6de0b7,DISEASE_e2f37d4a7296,DISEASE_0ace1f8e701c,Disease
COMPOUND_66c81a6de0b7,DISEASE_e2f37d4a7296,DISEASE_120d64215d86,Disease
COMPOUND_66c81a6de0b7,DISEASE_e2f37d4a7296,DISEASE_13ef8ee6ec1a,Disease
COMPOUND_66c81a6de0b7,SYMPTOM_15564a4455ce,SYMPTOM_003993957fb9,Symptom
COMPOUND_66c81a6de0b7,SYMPTOM_15564a4455ce,SYMPTOM_005668237e94,Symptom
COMPOUND_66c81a6de0b7,SYMPTOM_15564a4455ce,SYMPTOM_0071d323d363,Symptom
COMPOUND_66c81a6de0b7,SYMPTOM_15564a4455ce,SYMPTOM_0084e48e9830,Symptom
COMPOUND_66c81a6de0b7,SYMPTOM_15564a4455ce,SYMPTOM_009811abd195,Symptom
COMPOUND_34176e1edb1b,SYMPTOM_81a0ed82012a,SYMPTOM_003993957fb9,Symptom
COMPOUND_34176e1edb1b,SYMPTOM_81a0ed82012a,SYMPTOM_005668237e94,Symptom
COMPOUND_34176e1edb1b,SYMPTOM_81a0ed82012a,SYMPTOM_0071d323d363,Symptom
COMPOUND_34176e1edb1b,SYMPTOM_81a0ed82012a,SYMPTOM_0084e48e9830,Symptom
COMPOUND_34176e1edb1b,SYMPTOM_81a0ed82012a,SYMPTOM_009811abd195,Symptom
COMPOUND_34176e1edb1b,SYMPTOM_f8703b74a201,SYMPTOM_003993957fb9,Symptom
COMPOUND_34176e1edb1b,SYMPTOM_f8703b74a201,SYMPTOM_005668237e94,Symptom
COMPOUND_34176e1edb1b,SYMPTOM_f8703b74a201,SYMPTOM_0071d323d363,Symptom
COMPOUND_34176e1edb1b,SYMPTOM_f8703b74a201,SYMPTOM_0084e48e9830,Symptom
COMPOUND_34176e1edb1b,SYMPTOM_f8703b74a201,SYMPTOM_009811abd195,Symptom
COMPOUND_34176e1edb1b,DISEASE_b2a66b919818,DISEASE_071459a0c2fd,Disease
COMPOUND_34176e1edb1b,DISEASE_b2a66b919818,DISEASE_093461e46ef0,Disease
COMPOUND_34176e1edb1b,DISEASE_b2a66b919818,DISEASE_0ace1f8e701c,Disease
COMPOUND_34176e1edb1b,DISEASE_b2a66b919818,DISEASE_120d64215d86,Disease
COMPOUND_34176e1edb1b,DISEASE_b2a66b919818,DISEASE_13ef8ee6ec1a,Disease
COMPOUND_34176e1edb1b,SYMPTOM_0a61ad588557,SYMPTOM_003993957fb9,Symptom
COMPOUND_34176e1edb1b,SYMPTOM_0a61ad588557,SYMPTOM_005668237e94,Symptom
COMPOUND_34176e1edb1b,SYMPTOM_0a61ad588557,SYMPTOM_0071d323d363,Symptom
COMPOUND_34176e1edb1b,SYMPTOM_0a61ad588557,SYMPTOM_0084e48e9830,Symptom
COMPOUND_34176e1edb1b,SYMPTOM_0a61ad588557,SYMPTOM_009811abd195,Symptom
COMPOUND_34176e1edb1b,SYMPTOM_7cb3341d65ed,SYMPTOM_003993957fb9,Symptom
COMPOUND_34176e1edb1b,SYMPTOM_7cb3341d65ed,SYMPTOM_005668237e94,Symptom
COMPOUND_34176e1edb1b,SYMPTOM_7cb3341d65ed,SYMPTOM_0071d323d363,Symptom
COMPOUND_34176e1edb1b,SYMPTOM_7cb3341d65ed,SYMPTOM_0084e48e9830,Symptom
COMPOUND_34176e1edb1b,SYMPTOM_7cb3341d65ed,SYMPTOM_009811abd195,Symptom
COMPOUND_34176e1edb1b,SYMPTOM_15564a4455ce,SYMPTOM_003993957fb9,Symptom
COMPOUND_34176e1edb1b,SYMPTOM_15564a4455ce,SYMPTOM_005668237e94,Symptom
COMPOUND_34176e1edb1b,SYMPTOM_15564a4455ce,SYMPTOM_0071d323d363,Symptom
COMPOUND_34176e1edb1b,SYMPTOM_15564a4455ce,SYMPTOM_0084e48e9830,Symptom
COMPOUND_34176e1edb1b,SYMPTOM_15564a4455ce,SYMPTOM_009811abd195,Symptom
COMPOUND_a3040ad64318,SYMPTOM_de00827d7e8e,SYMPTOM_01a89e9be65b,Symptom
COMPOUND_a3040ad64318,SYMPTOM_de00827d7e8e,SYMPTOM_0ebf3cbae989,Symptom
COMPOUND_a3040ad64318,SYMPTOM_de00827d7e8e,SYMPTOM_0f70f3b506e2,Symptom
COMPOUND_a3040ad64318,SYMPTOM_de00827d7e8e,SYMPTOM_10d012baa5e9,Symptom
COMPOUND_a3040ad64318,SYMPTOM_de00827d7e8e,SYMPTOM_1781e759516c,Symptom
COMPOUND_a3040ad64318,SYMPTOM_9a9214077697,SYMPTOM_01a89e9be65b,Symptom
COMPOUND_a3040ad64318,SYMPTOM_9a9214077697,SYMPTOM_0ebf3cbae989,Symptom
COMPOUND_a3040ad64318,SYMPTOM_9a9214077697,SYMPTOM_0f70f3b506e2,Symptom
COMPOUND_a3040ad64318,SYMPTOM_9a9214077697,SYMPTOM_10d012baa5e9,Symptom
COMPOUND_a3040ad64318,SYMPTOM_9a9214077697,SYMPTOM_1781e759516c,Symptom
COMPOUND_a3040ad64318,SYMPTOM_b4b1fb71c52c,SYMPTOM_01a89e9be65b,Symptom
COMPOUND_a3040ad64318,SYMPTOM_b4b1fb71c52c,SYMPTOM_0ebf3cbae989,Symptom
COMPOUND_a3040ad64318,SYMPTOM_b4b1fb71c52c,SYMPTOM_0f70f3b506e2,Symptom
COMPOUND_a3040ad64318,SYMPTOM_b4b1fb71c52c,SYMPTOM_10d012baa5e9,Symptom
COMPOUND_a3040ad64318,SYMPTOM_b4b1fb71c52c,SYMPTOM_1781e759516c,Symptom
COMPOUND_a3040ad64318,SYMPTOM_99158dd7f146,SYMPTOM_01a89e9be65b,Symptom
COMPOUND_a3040ad64318,SYMPTOM_99158dd7f146,SYMPTOM_0ebf3cbae989,Symptom
COMPOUND_a3040ad64318,SYMPTOM_99158dd7f146,SYMPTOM_0f70f3b506e2,Symptom
COMPOUND_a3040ad64318,SYMPTOM_99158dd7f146,SYMPTOM_10d012baa5e9,Symptom
COMPOUND_a3040ad64318,SYMPTOM_99158dd7f146,SYMPTOM_1781e759516c,Symptom
COMPOUND_a3040ad64318,SYMPTOM_b0a86039f54f,SYMPTOM_01a89e9be65b,Symptom
COMPOUND_a3040ad64318,SYMPTOM_b0a86039f54f,SYMPTOM_0ebf3cbae989,Symptom
COMPOUND_a3040ad64318,SYMPTOM_b0a86039f54f,SYMPTOM_0f70f3b506e2,Symptom
COMPOUND_a3040ad64318,SYMPTOM_b0a86039f54f,SYMPTOM_10d012baa5e9,Symptom
COMPOUND_a3040ad64318,SYMPTOM_b0a86039f54f,SYMPTOM_1781e759516c,Symptom
COMPOUND_a3040ad64318,SYMPTOM_0a61ad588557,SYMPTOM_01a89e9be65b,Symptom
COMPOUND_a3040ad64318,SYMPTOM_0a61ad588557,SYMPTOM_0ebf3cbae989,Symptom
COMPOUND_a3040ad64318,SYMPTOM_0a61ad588557,SYMPTOM_0f70f3b506e2,Symptom
COMPOUND_a3040ad64318,SYMPTOM_0a61ad588557,SYMPTOM_10d012baa5e9,Symptom
COMPOUND_a3040ad64318,SYMPTOM_0a61ad588557,SYMPTOM_1781e759516c,Symptom
COMPOUND_a3040ad64318,SYMPTOM_bc0ee6c26fe4,SYMPTOM_01a89e9be65b,Symptom
COMPOUND_a3040ad64318,SYMPTOM_bc0ee6c26fe4,SYMPTOM_0ebf3cbae989,Symptom
COMPOUND_a3040ad64318,SYMPTOM_bc0ee6c26fe4,SYMPTOM_0f70f3b506e2,Symptom
COMPOUND_a3040ad64318,SYMPTOM_bc0ee6c26fe4,SYMPTOM_10d012baa5e9,Symptom
COMPOUND_a3040ad64318,SYMPTOM_bc0ee6c26fe4,SYMPTOM_1781e759516c,Symptom
COMPOUND_a3040ad64318,SYMPTOM_2e5db521735e,SYMPTOM_01a89e9be65b,Symptom
COMPOUND_a3040ad64318,SYMPTOM_2e5db521735e,SYMPTOM_0ebf3cbae989,Symptom
COMPOUND_a3040ad64318,SYMPTOM_2e5db521735e,SYMPTOM_0f70f3b506e2,Symptom
COMPOUND_a3040ad64318,SYMPTOM_2e5db521735e,SYMPTOM_10d012baa5e9,Symptom
COMPOUND_a3040ad64318,SYMPTOM_2e5db521735e,SYMPTOM_1781e759516c,Symptom
COMPOUND_87ee03e63f60,DISEASE_e7a747ffb620,DISEASE_120d64215d86,Disease
COMPOUND_87ee03e63f60,DISEASE_e7a747ffb620,DISEASE_33f32d4c3a5c,Disease
COMPOUND_87ee03e63f60,DISEASE_e7a747ffb620,DISEASE_57750b73b487,Disease
COMPOUND_87ee03e63f60,DISEASE_e7a747ffb620,DISEASE_66ce053b0c0b,Disease
COMPOUND_87ee03e63f60,DISEASE_e7a747ffb620,DISEASE_800f3dcd7399,Disease
COMPOUND_e75db4b47277,SYMPTOM_154b2e2e5974,SYMPTOM_01a89e9be65b,Symptom
COMPOUND_e75db4b47277,SYMPTOM_154b2e2e5974,SYMPTOM_0ebf3cbae989,Symptom
COMPOUND_e75db4b47277,SYMPTOM_154b2e2e5974,SYMPTOM_0f70f3b506e2,Symptom
COMPOUND_e75db4b47277,SYMPTOM_154b2e2e5974,SYMPTOM_10d012baa5e9,Symptom
COMPOUND_e75db4b47277,SYMPTOM_154b2e2e5974,SYMPTOM_1781e759516c,Symptom
COMPOUND_e75db4b47277,SYMPTOM_bff77d569de2,SYMPTOM_01a89e9be65b,Symptom
COMPOUND_e75db4b47277,SYMPTOM_bff77d569de2,SYMPTOM_0ebf3cbae989,Symptom
COMPOUND_e75db4b47277,SYMPTOM_bff77d569de2,SYMPTOM_0f70f3b506e2,Symptom
COMPOUND_e75db4b47277,SYMPTOM_bff77d569de2,SYMPTOM_10d012baa5e9,Symptom
COMPOUND_e75db4b47277,SYMPTOM_bff77d569de2,SYMPTOM_1781e759516c,Symptom
COMPOUND_e14a6138b047,SYMPTOM_c3332f5bc908,SYMPTOM_01a89e9be65b,Symptom
COMPOUND_e14a6138b047,SYMPTOM_c3332f5bc908,SYMPTOM_0ebf3cbae989,Symptom
COMPOUND_e14a6138b047,SYMPTOM_c3332f5bc908,SYMPTOM_0f70f3b506e2,Symptom
COMPOUND_e14a6138b047,SYMPTOM_c3332f5bc908,SYMPTOM_10d012baa5e9,Symptom
COMPOUND_e14a6138b047,SYMPTOM_c3332f5bc908,SYMPTOM_1781e759516c,Symptom
COMPOUND_899cf06b47e4,SYMPTOM_9a9214077697,SYMPTOM_003993957fb9,Symptom
COMPOUND_899cf06b47e4,SYMPTOM_9a9214077697,SYMPTOM_005668237e94,Symptom
COMPOUND_899cf06b47e4,SYMPTOM_9a9214077697,SYMPTOM_0071d323d363,Symptom
COMPOUND_899cf06b47e4,SYMPTOM_9a9214077697,SYMPTOM_0084e48e9830,Symptom
COMPOUND_899cf06b47e4,SYMPTOM_9a9214077697,SYMPTOM_009811abd195,Symptom
COMPOUND_899cf06b47e4,SYMPTOM_64c8aca0d1b5,SYMPTOM_003993957fb9,Symptom
COMPOUND_899cf06b47e4,SYMPTOM_64c8aca0d1b5,SYMPTOM_005668237e94,Symptom
COMPOUND_899cf06b47e4,SYMPTOM_64c8aca0d1b5,SYMPTOM_0071d323d363,Symptom
COMPOUND_899cf06b47e4,SYMPTOM_64c8aca0d1b5,SYMPTOM_0084e48e9830,Symptom
COMPOUND_899cf06b47e4,SYMPTOM_64c8aca0d1b5,SYMPTOM_009811abd195,Symptom
COMPOUND_ebc3153baaef,SYMPTOM_b6122bfe4b97,SYMPTOM_01a89e9be65b,Symptom
COMPOUND_ebc3153baaef,SYMPTOM_b6122bfe4b97,SYMPTOM_0ebf3cbae989,Symptom
COMPOUND_ebc3153baaef,SYMPTOM_b6122bfe4b97,SYMPTOM_0f70f3b506e2,Symptom
COMPOUND_ebc3153baaef,SYMPTOM_b6122bfe4b97,SYMPTOM_10d012baa5e9,Symptom
COMPOUND_ebc3153baaef,SYMPTOM_b6122bfe4b97,SYMPTOM_1781e759516c,Symptom
COMPOUND_b198011eb37b,SYMPTOM_94f15f526dc9,SYMPTOM_01a89e9be65b,Symptom
COMPOUND_b198011eb37b,SYMPTOM_94f15f526dc9,SYMPTOM_0ebf3cbae989,Symptom
COMPOUND_b198011eb37b,SYMPTOM_94f15f526dc9,SYMPTOM_0f70f3b506e2,Symptom
COMPOUND_b198011eb37b,SYMPTOM_94f15f526dc9,SYMPTOM_10d012baa5e9,Symptom
COMPOUND_b198011eb37b,SYMPTOM_94f15f526dc9,SYMPTOM_1781e759516c,Symptom
COMPOUND_74f13c20a26f,DISEASE_578708c54b66,DISEASE_120d64215d86,Disease
COMPOUND_74f13c20a26f,DISEASE_578708c54b66,DISEASE_33f32d4c3a5c,Disease
COMPOUND_74f13c20a26f,DISEASE_578708c54b66,DISEASE_57750b73b487,Disease
COMPOUND_74f13c20a26f,DISEASE_578708c54b66,DISEASE_66ce053b0c0b,Disease
COMPOUND_74f13c20a26f,DISEASE_578708c54b66,DISEASE_800f3dcd7399,Disease
COMPOUND_e05e5cec2a2d,DISEASE_5e294e090c89,DISEASE_071459a0c2fd,Disease
COMPOUND_e05e5cec2a2d,DISEASE_5e294e090c89,DISEASE_093461e46ef0,Disease
COMPOUND_e05e5cec2a2d,DISEASE_5e294e090c89,DISEASE_0ace1f8e701c,Disease
COMPOUND_e05e5cec2a2d,DISEASE_5e294e090c89,DISEASE_120d64215d86,Disease
COMPOUND_e05e5cec2a2d,DISEASE_5e294e090c89,DISEASE_13ef8ee6ec1a,Disease
COMPOUND_e05e5cec2a2d,SYMPTOM_9cd2b457d359,SYMPTOM_003993957fb9,Symptom
COMPOUND_e05e5cec2a2d,SYMPTOM_9cd2b457d359,SYMPTOM_005668237e94,Symptom
COMPOUND_e05e5cec2a2d,SYMPTOM_9cd2b457d359,SYMPTOM_0071d323d363,Symptom
COMPOUND_e05e5cec2a2d,SYMPTOM_9cd2b457d359,SYMPTOM_0084e48e9830,Symptom
COMPOUND_e05e5cec2a2d,SYMPTOM_9cd2b457d359,SYMPTOM_009811abd195,Symptom
COMPOUND_fec3fa141c31,DISEASE_d60c11b4f6b2,DISEASE_071459a0c2fd,Disease
COMPOUND_fec3fa141c31,DISEASE_d60c11b4f6b2,DISEASE_093461e46ef0,Disease
COMPOUND_fec3fa141c31,DISEASE_d60c11b4f6b2,DISEASE_0ace1f8e701c,Disease
COMPOUND_fec3fa141c31,DISEASE_d60c11b4f6b2,DISEASE_120d64215d86,Disease
COMPOUND_fec3fa141c31,DISEASE_d60c11b4f6b2,DISEASE_13ef8ee6ec1a,Disease
COMPOUND_fec3fa141c31,SYMPTOM_435ca3873d41,SYMPTOM_003993957fb9,Symptom
COMPOUND_fec3fa141c31,SYMPTOM_435ca3873d41,SYMPTOM_005668237e94,Symptom
COMPOUND_fec3fa141c31,SYMPTOM_435ca3873d41,SYMPTOM_0071d323d363,Symptom
COMPOUND_fec3fa141c31,SYMPTOM_435ca3873d41,SYMPTOM_0084e48e9830,Symptom
COMPOUND_fec3fa141c31,SYMPTOM_435ca3873d41,SYMPTOM_009811abd195,Symptom
COMPOUND_fec3fa141c31,SYMPTOM_a317a04d6ea5,SYMPTOM_003993957fb9,Symptom
COMPOUND_fec3fa141c31,SYMPTOM_a317a04d6ea5,SYMPTOM_005668237e94,Symptom
COMPOUND_fec3fa141c31,SYMPTOM_a317a04d6ea5,SYMPTOM_0071d323d363,Symptom
COMPOUND_fec3fa141c31,SYMPTOM_a317a04d6ea5,SYMPTOM_0084e48e9830,Symptom
COMPOUND_fec3fa141c31,SYMPTOM_a317a04d6ea5,SYMPTOM_009811abd195,Symptom
COMPOUND_fec3fa141c31,SYMPTOM_7bbc967d0472,SYMPTOM_003993957fb9,Symptom
COMPOUND_fec3fa141c31,SYMPTOM_7bbc967d0472,SYMPTOM_005668237e94,Symptom
COMPOUND_fec3fa141c31,SYMPTOM_7bbc967d0472,SYMPTOM_0071d323d363,Symptom
COMPOUND_fec3fa141c31,SYMPTOM_7bbc967d0472,SYMPTOM_0084e48e9830,Symptom
COMPOUND_fec3fa141c31,SYMPTOM_7bbc967d0472,SYMPTOM_009811abd195,Symptom
COMPOUND_fec3fa141c31,SYMPTOM_6100966d0a2c,SYMPTOM_003993957fb9,Symptom
COMPOUND_fec3fa141c31,SYMPTOM_6100966d0a2c,SYMPTOM_005668237e94,Symptom
COMPOUND_fec3fa141c31,SYMPTOM_6100966d0a2c,SYMPTOM_0071d323d363,Symptom
COMPOUND_fec3fa141c31,SYMPTOM_6100966d0a2c,SYMPTOM_0084e48e9830,Symptom
COMPOUND_fec3fa141c31,SYMPTOM_6100966d0a2c,SYMPTOM_009811abd195,Symptom
COMPOUND_d8438fe1dea5,DISEASE_578708c54b66,DISEASE_071459a0c2fd,Disease
COMPOUND_d8438fe1dea5,DISEASE_578708c54b66,DISEASE_093461e46ef0,Disease
COMPOUND_d8438fe1dea5,DISEASE_578708c54b66,DISEASE_0ace1f8e701c,Disease
COMPOUND_d8438fe1dea5,DISEASE_578708c54b66,DISEASE_120d64215d86,Disease
COMPOUND_d8438fe1dea5,DISEASE_578708c54b66,DISEASE_13ef8ee6ec1a,Disease
COMPOUND_d8438fe1dea5,DISEASE_5e294e090c89,DISEASE_071459a0c2fd,Disease
COMPOUND_d8438fe1dea5,DISEASE_5e294e090c89,DISEASE_093461e46ef0,Disease
COMPOUND_d8438fe1dea5,DISEASE_5e294e090c89,DISEASE_0ace1f8e701c,Disease
COMPOUND_d8438fe1dea5,DISEASE_5e294e090c89,DISEASE_120d64215d86,Disease
COMPOUND_d8438fe1dea5,DISEASE_5e294e090c89,DISEASE_13ef8ee6ec1a,Disease
COMPOUND_d8438fe1dea5,SYMPTOM_ac7049227bb3,SYMPTOM_003993957fb9,Symptom
COMPOUND_d8438fe1dea5,SYMPTOM_ac7049227bb3,SYMPTOM_005668237e94,Symptom
COMPOUND_d8438fe1dea5,SYMPTOM_ac7049227bb3,SYMPTOM_0071d323d363,Symptom
COMPOUND_d8438fe1dea5,SYMPTOM_ac7049227bb3,SYMPTOM_0084e48e9830,Symptom
COMPOUND_d8438fe1dea5,SYMPTOM_ac7049227bb3,SYMPTOM_009811abd195,Symptom
COMPOUND_d8438fe1dea5,DISEASE_e7a747ffb620,DISEASE_071459a0c2fd,Disease
COMPOUND_d8438fe1dea5,DISEASE_e7a747ffb620,DISEASE_093461e46ef0,Disease
COMPOUND_d8438fe1dea5,DISEASE_e7a747ffb620,DISEASE_0ace1f8e701c,Disease
COMPOUND_d8438fe1dea5,DISEASE_e7a747ffb620,DISEASE_120d64215d86,Disease
COMPOUND_d8438fe1dea5,DISEASE_e7a747ffb620,DISEASE_13ef8ee6ec1a,Disease
COMPOUND_d8438fe1dea5,SYMPTOM_154b2e2e5974,SYMPTOM_003993957fb9,Symptom
COMPOUND_d8438fe1dea5,SYMPTOM_154b2e2e5974,SYMPTOM_005668237e94,Symptom
COMPOUND_d8438fe1dea5,SYMPTOM_154b2e2e5974,SYMPTOM_0071d323d363,Symptom
COMPOUND_d8438fe1dea5,SYMPTOM_154b2e2e5974,SYMPTOM_0084e48e9830,Symptom
COMPOUND_d8438fe1dea5,SYMPTOM_154b2e2e5974,SYMPTOM_009811abd195,Symptom
COMPOUND_d8438fe1dea5,DISEASE_9fee7a39f2e6,DISEASE_071459a0c2fd,Disease
COMPOUND_d8438fe1dea5,DISEASE_9fee7a39f2e6,DISEASE_093461e46ef0,Disease
COMPOUND_d8438fe1dea5,DISEASE_9fee7a39f2e6,DISEASE_0ace1f8e701c,Disease
COMPOUND_d8438fe1dea5,DISEASE_9fee7a39f2e6,DISEASE_120d64215d86,Disease
COMPOUND_d8438fe1dea5,DISEASE_9fee7a39f2e6,DISEASE_13ef8ee6ec1a,Disease
COMPOUND_d8438fe1dea5,SYMPTOM_078750ea56f7,SYMPTOM_003993957fb9,Symptom
COMPOUND_d8438fe1dea5,SYMPTOM_078750ea56f7,SYMPTOM_005668237e94,Symptom
COMPOUND_d8438fe1dea5,SYMPTOM_078750ea56f7,SYMPTOM_0071d323d363,Symptom
COMPOUND_d8438fe1dea5,SYMPTOM_078750ea56f7,SYMPTOM_0084e48e9830,Symptom
COMPOUND_d8438fe1dea5,SYMPTOM_078750ea56f7,SYMPTOM_009811abd195,Symptom
COMPOUND_d8438fe1dea5,DISEASE_5cbc093559fd,DISEASE_071459a0c2fd,Disease
COMPOUND_d8438fe1dea5,DISEASE_5cbc093559fd,DISEASE_093461e46ef0,Disease
COMPOUND_d8438fe1dea5,DISEASE_5cbc093559fd,DISEASE_0ace1f8e701c,Disease
COMPOUND_d8438fe1dea5,DISEASE_5cbc093559fd,DISEASE_120d64215d86,Disease
COMPOUND_d8438fe1dea5,DISEASE_5cbc093559fd,DISEASE_13ef8ee6ec1a,Disease
COMPOUND_d8438fe1dea5,SYMPTOM_e398892d7620,SYMPTOM_003993957fb9,Symptom
COMPOUND_d8438fe1dea5,SYMPTOM_e398892d7620,SYMPTOM_005668237e94,Symptom
COMPOUND_d8438fe1dea5,SYMPTOM_e398892d7620,SYMPTOM_0071d323d363,Symptom
COMPOUND_d8438fe1dea5,SYMPTOM_e398892d7620,SYMPTOM_0084e48e9830,Symptom
COMPOUND_d8438fe1dea5,SYMPTOM_e398892d7620,SYMPTOM_009811abd195,Symptom
COMPOUND_d8438fe1dea5,SYMPTOM_f4dfb786c878,SYMPTOM_003993957fb9,Symptom
COMPOUND_d8438fe1dea5,SYMPTOM_f4dfb786c878,SYMPTOM_005668237e94,Symptom
COMPOUND_d8438fe1dea5,SYMPTOM_f4dfb786c878,SYMPTOM_0071d323d363,Symptom
COMPOUND_d8438fe1dea5,SYMPTOM_f4dfb786c878,SYMPTOM_0084e48e9830,Symptom
COMPOUND_d8438fe1dea5,SYMPTOM_f4dfb786c878,SYMPTOM_009811abd195,Symptom
COMPOUND_d8438fe1dea5,SYMPTOM_bff77d569de2,SYMPTOM_003993957fb9,Symptom
COMPOUND_d8438fe1dea5,SYMPTOM_bff77d569de2,SYMPTOM_005668237e94,Symptom
COMPOUND_d8438fe1dea5,SYMPTOM_bff77d569de2,SYMPTOM_0071d323d363,Symptom
COMPOUND_d8438fe1dea5,SYMPTOM_bff77d569de2,SYMPTOM_0084e48e9830,Symptom
COMPOUND_d8438fe1dea5,SYMPTOM_bff77d569de2,SYMPTOM_009811abd195,Symptom
COMPOUND_d8438fe1dea5,SYMPTOM_603d8414fc2a,SYMPTOM_003993957fb9,Symptom
COMPOUND_d8438fe1dea5,SYMPTOM_603d8414fc2a,SYMPTOM_005668237e94,Symptom
COMPOUND_d8438fe1dea5,SYMPTOM_603d8414fc2a,SYMPTOM_0071d323d363,Symptom
COMPOUND_d8438fe1dea5,SYMPTOM_603d8414fc2a,SYMPTOM_0084e48e9830,Symptom
COMPOUND_d8438fe1dea5,SYMPTOM_603d8414fc2a,SYMPTOM_009811abd195,Symptom
COMPOUND_d8438fe1dea5,DISEASE_3e090ec6a1d8,DISEASE_071459a0c2fd,Disease
COMPOUND_d8438fe1dea5,DISEASE_3e090ec6a1d8,DISEASE_093461e46ef0,Disease
COMPOUND_d8438fe1dea5,DISEASE_3e090ec6a1d8,DISEASE_0ace1f8e701c,Disease
COMPOUND_d8438fe1dea5,DISEASE_3e090ec6a1d8,DISEASE_120d64215d86,Disease
COMPOUND_d8438fe1dea5,DISEASE_3e090ec6a1d8,DISEASE_13ef8ee6ec1a,Disease
COMPOUND_d8438fe1dea5,SYMPTOM_c3332f5bc908,SYMPTOM_003993957fb9,Symptom
COMPOUND_d8438fe1dea5,SYMPTOM_c3332f5bc908,SYMPTOM_005668237e94,Symptom
COMPOUND_d8438fe1dea5,SYMPTOM_c3332f5bc908,SYMPTOM_0071d323d363,Symptom
COMPOUND_d8438fe1dea5,SYMPTOM_c3332f5bc908,SYMPTOM_0084e48e9830,Symptom
COMPOUND_d8438fe1dea5,SYMPTOM_c3332f5bc908,SYMPTOM_009811abd195,Symptom
COMPOUND_d8438fe1dea5,SYMPTOM_8be6245de13d,SYMPTOM_003993957fb9,Symptom
COMPOUND_d8438fe1dea5,SYMPTOM_8be6245de13d,SYMPTOM_005668237e94,Symptom
COMPOUND_d8438fe1dea5,SYMPTOM_8be6245de13d,SYMPTOM_0071d323d363,Symptom
COMPOUND_d8438fe1dea5,SYMPTOM_8be6245de13d,SYMPTOM_0084e48e9830,Symptom
COMPOUND_d8438fe1dea5,SYMPTOM_8be6245de13d,SYMPTOM_009811abd195,Symptom
COMPOUND_d8438fe1dea5,SYMPTOM_15564a4455ce,SYMPTOM_003993957fb9,Symptom
COMPOUND_d8438fe1dea5,SYMPTOM_15564a4455ce,SYMPTOM_005668237e94,Symptom
COMPOUND_d8438fe1dea5,SYMPTOM_15564a4455ce,SYMPTOM_0071d323d363,Symptom
COMPOUND_d8438fe1dea5,SYMPTOM_15564a4455ce,SYMPTOM_0084e48e9830,Symptom
COMPOUND_d8438fe1dea5,SYMPTOM_15564a4455ce,SYMPTOM_009811abd195,Symptom
COMPOUND_87dc236a64a3,SYMPTOM_685c0772c819,SYMPTOM_003993957fb9,Symptom
COMPOUND_87dc236a64a3,SYMPTOM_685c0772c819,SYMPTOM_005668237e94,Symptom
COMPOUND_87dc236a64a3,SYMPTOM_685c0772c819,SYMPTOM_0071d323d363,Symptom
COMPOUND_87dc236a64a3,SYMPTOM_685c0772c819,SYMPTOM_0084e48e9830,Symptom
COMPOUND_87dc236a64a3,SYMPTOM_685c0772c819,SYMPTOM_009811abd195,Symptom
COMPOUND_87dc236a64a3,SYMPTOM_ac4ac57a7b7f,SYMPTOM_003993957fb9,Symptom
COMPOUND_87dc236a64a3,SYMPTOM_ac4ac57a7b7f,SYMPTOM_005668237e94,Symptom
COMPOUND_87dc236a64a3,SYMPTOM_ac4ac57a7b7f,SYMPTOM_0071d323d363,Symptom
COMPOUND_87dc236a64a3,SYMPTOM_ac4ac57a7b7f,SYMPTOM_0084e48e9830,Symptom
COMPOUND_87dc236a64a3,SYMPTOM_ac4ac57a7b7f,SYMPTOM_009811abd195,Symptom
COMPOUND_87dc236a64a3,SYMPTOM_0a61ad588557,SYMPTOM_003993957fb9,Symptom
COMPOUND_87dc236a64a3,SYMPTOM_0a61ad588557,SYMPTOM_005668237e94,Symptom
COMPOUND_87dc236a64a3,SYMPTOM_0a61ad588557,SYMPTOM_0071d323d363,Symptom
COMPOUND_87dc236a64a3,SYMPTOM_0a61ad588557,SYMPTOM_0084e48e9830,Symptom
COMPOUND_87dc236a64a3,SYMPTOM_0a61ad588557,SYMPTOM_009811abd195,Symptom
COMPOUND_e87ce6b3a27b,SYMPTOM_bac6c1b98325,SYMPTOM_01a89e9be65b,Symptom
COMPOUND_e87ce6b3a27b,SYMPTOM_bac6c1b98325,SYMPTOM_0ebf3cbae989,Symptom
COMPOUND_e87ce6b3a27b,SYMPTOM_bac6c1b98325,SYMPTOM_0f70f3b506e2,Symptom
COMPOUND_e87ce6b3a27b,SYMPTOM_bac6c1b98325,SYMPTOM_10d012baa5e9,Symptom
COMPOUND_e87ce6b3a27b,SYMPTOM_bac6c1b98325,SYMPTOM_1781e759516c,Symptom
COMPOUND_e87ce6b3a27b,SYMPTOM_9a9214077697,SYMPTOM_01a89e9be65b,Symptom
COMPOUND_e87ce6b3a27b,SYMPTOM_9a9214077697,SYMPTOM_0ebf3cbae989,Symptom
COMPOUND_e87ce6b3a27b,SYMPTOM_9a9214077697,SYMPTOM_0f70f3b506e2,Symptom
COMPOUND_e87ce6b3a27b,SYMPTOM_9a9214077697,SYMPTOM_10d012baa5e9,Symptom
COMPOUND_e87ce6b3a27b,SYMPTOM_9a9214077697,SYMPTOM_1781e759516c,Symptom
COMPOUND_e87ce6b3a27b,DISEASE_b2a66b919818,DISEASE_120d64215d86,Disease
COMPOUND_e87ce6b3a27b,DISEASE_b2a66b919818,DISEASE_33f32d4c3a5c,Disease
COMPOUND_e87ce6b3a27b,DISEASE_b2a66b919818,DISEASE_57750b73b487,Disease
COMPOUND_e87ce6b3a27b,DISEASE_b2a66b919818,DISEASE_66ce053b0c0b,Disease
COMPOUND_e87ce6b3a27b,DISEASE_b2a66b919818,DISEASE_800f3dcd7399,Disease
COMPOUND_e87ce6b3a27b,SYMPTOM_64c8aca0d1b5,SYMPTOM_01a89e9be65b,Symptom
COMPOUND_e87ce6b3a27b,SYMPTOM_64c8aca0d1b5,SYMPTOM_0ebf3cbae989,Symptom
COMPOUND_e87ce6b3a27b,SYMPTOM_64c8aca0d1b5,SYMPTOM_0f70f3b506e2,Symptom
COMPOUND_e87ce6b3a27b,SYMPTOM_64c8aca0d1b5,SYMPTOM_10d012baa5e9,Symptom
COMPOUND_e87ce6b3a27b,SYMPTOM_64c8aca0d1b5,SYMPTOM_1781e759516c,Symptom
COMPOUND_e87ce6b3a27b,SYMPTOM_52b0760e3443,SYMPTOM_01a89e9be65b,Symptom
COMPOUND_e87ce6b3a27b,SYMPTOM_52b0760e3443,SYMPTOM_0ebf3cbae989,Symptom
COMPOUND_e87ce6b3a27b,SYMPTOM_52b0760e3443,SYMPTOM_0f70f3b506e2,Symptom
COMPOUND_e87ce6b3a27b,SYMPTOM_52b0760e3443,SYMPTOM_10d012baa5e9,Symptom
COMPOUND_e87ce6b3a27b,SYMPTOM_52b0760e3443,SYMPTOM_1781e759516c,Symptom
COMPOUND_5cf2dbc6a293,DISEASE_071459a0c2fd,DISEASE_120d64215d86,Disease
COMPOUND_5cf2dbc6a293,DISEASE_071459a0c2fd,DISEASE_33f32d4c3a5c,Disease
COMPOUND_5cf2dbc6a293,DISEASE_071459a0c2fd,DISEASE_57750b73b487,Disease
COMPOUND_5cf2dbc6a293,DISEASE_071459a0c2fd,DISEASE_66ce053b0c0b,Disease
COMPOUND_5cf2dbc6a293,DISEASE_071459a0c2fd,DISEASE_800f3dcd7399,Disease
COMPOUND_5cf2dbc6a293,DISEASE_ef3323aa3b9e,DISEASE_120d64215d86,Disease
COMPOUND_5cf2dbc6a293,DISEASE_ef3323aa3b9e,DISEASE_33f32d4c3a5c,Disease
COMPOUND_5cf2dbc6a293,DISEASE_ef3323aa3b9e,DISEASE_57750b73b487,Disease
COMPOUND_5cf2dbc6a293,DISEASE_ef3323aa3b9e,DISEASE_66ce053b0c0b,Disease
COMPOUND_5cf2dbc6a293,DISEASE_ef3323aa3b9e,DISEASE_800f3dcd7399,Disease
COMPOUND_5cf2dbc6a293,SYMPTOM_ac4ac57a7b7f,SYMPTOM_01a89e9be65b,Symptom
COMPOUND_5cf2dbc6a293,SYMPTOM_ac4ac57a7b7f,SYMPTOM_0ebf3cbae989,Symptom
COMPOUND_5cf2dbc6a293,SYMPTOM_ac4ac57a7b7f,SYMPTOM_0f70f3b506e2,Symptom
COMPOUND_5cf2dbc6a293,SYMPTOM_ac4ac57a7b7f,SYMPTOM_10d012baa5e9,Symptom
COMPOUND_5cf2dbc6a293,SYMPTOM_ac4ac57a7b7f,SYMPTOM_1781e759516c,Symptom
COMPOUND_5cf2dbc6a293,DISEASE_0ace1f8e701c,DISEASE_120d64215d86,Disease
COMPOUND_5cf2dbc6a293,DISEASE_0ace1f8e701c,DISEASE_33f32d4c3a5c,Disease
COMPOUND_5cf2dbc6a293,DISEASE_0ace1f8e701c,DISEASE_57750b73b487,Disease
COMPOUND_5cf2dbc6a293,DISEASE_0ace1f8e701c,DISEASE_66ce053b0c0b,Disease
COMPOUND_5cf2dbc6a293,DISEASE_0ace1f8e701c,DISEASE_800f3dcd7399,Disease
COMPOUND_5cf2dbc6a293,SYMPTOM_6100966d0a2c,SYMPTOM_01a89e9be65b,Symptom
COMPOUND_5cf2dbc6a293,SYMPTOM_6100966d0a2c,SYMPTOM_0ebf3cbae989,Symptom
COMPOUND_5cf2dbc6a293,SYMPTOM_6100966d0a2c,SYMPTOM_0f70f3b506e2,Symptom
COMPOUND_5cf2dbc6a293,SYMPTOM_6100966d0a2c,SYMPTOM_10d012baa5e9,Symptom
COMPOUND_5cf2dbc6a293,SYMPTOM_6100966d0a2c,SYMPTOM_1781e759516c,Symptom
COMPOUND_04fe87779405,SYMPTOM_0f70f3b506e2,SYMPTOM_01a89e9be65b,Symptom
COMPOUND_04fe87779405,SYMPTOM_0f70f3b506e2,SYMPTOM_0ebf3cbae989,Symptom
COMPOUND_04fe87779405,SYMPTOM_0f70f3b506e2,SYMPTOM_10d012baa5e9,Symptom
COMPOUND_04fe87779405,SYMPTOM_0f70f3b506e2,SYMPTOM_1781e759516c,Symptom
COMPOUND_04fe87779405,SYMPTOM_0f70f3b506e2,SYMPTOM_195cac6eb729,Symptom
COMPOUND_04fe87779405,SYMPTOM_ee663d64b2ba,SYMPTOM_01a89e9be65b,Symptom
COMPOUND_04fe87779405,SYMPTOM_ee663d64b2ba,SYMPTOM_0ebf3cbae989,Symptom
COMPOUND_04fe87779405,SYMPTOM_ee663d64b2ba,SYMPTOM_10d012baa5e9,Symptom
COMPOUND_04fe87779405,SYMPTOM_ee663d64b2ba,SYMPTOM_1781e759516c,Symptom
COMPOUND_04fe87779405,SYMPTOM_ee663d64b2ba,SYMPTOM_195cac6eb729,Symptom
COMPOUND_04fe87779405,SYMPTOM_d257d2808a69,SYMPTOM_01a89e9be65b,Symptom
COMPOUND_04fe87779405,SYMPTOM_d257d2808a69,SYMPTOM_0ebf3cbae989,Symptom
COMPOUND_04fe87779405,SYMPTOM_d257d2808a69,SYMPTOM_10d012baa5e9,Symptom
COMPOUND_04fe87779405,SYMPTOM_d257d2808a69,SYMPTOM_1781e759516c,Symptom
COMPOUND_04fe87779405,SYMPTOM_d257d2808a69,SYMPTOM_195cac6eb729,Symptom
COMPOUND_149c147b0d93,SYMPTOM_c6e23b2dca0c,SYMPTOM_01a89e9be65b,Symptom
COMPOUND_149c147b0d93,SYMPTOM_c6e23b2dca0c,SYMPTOM_0ebf3cbae989,Symptom
COMPOUND_149c147b0d93,SYMPTOM_c6e23b2dca0c,SYMPTOM_0f70f3b506e2,Symptom
COMPOUND_149c147b0d93,SYMPTOM_c6e23b2dca0c,SYMPTOM_10d012baa5e9,Symptom
COMPOUND_149c147b0d93,SYMPTOM_c6e23b2dca0c,SYMPTOM_1781e759516c,Symptom
COMPOUND_149c147b0d93,SYMPTOM_54697eb57628,SYMPTOM_01a89e9be65b,Symptom
COMPOUND_149c147b0d93,SYMPTOM_54697eb57628,SYMPTOM_0ebf3cbae989,Symptom
COMPOUND_149c147b0d93,SYMPTOM_54697eb57628,SYMPTOM_0f70f3b506e2,Symptom
COMPOUND_149c147b0d93,SYMPTOM_54697eb57628,SYMPTOM_10d012baa5e9,Symptom
COMPOUND_149c147b0d93,SYMPTOM_54697eb57628,SYMPTOM_1781e759516c,Symptom
COMPOUND_149c147b0d93,SYMPTOM_7e1aba55d500,SYMPTOM_01a89e9be65b,Symptom
COMPOUND_149c147b0d93,SYMPTOM_7e1aba55d500,SYMPTOM_0ebf3cbae989,Symptom
COMPOUND_149c147b0d93,SYMPTOM_7e1aba55d500,SYMPTOM_0f70f3b506e2,Symptom
COMPOUND_149c147b0d93,SYMPTOM_7e1aba55d500,SYMPTOM_10d012baa5e9,Symptom
COMPOUND_149c147b0d93,SYMPTOM_7e1aba55d500,SYMPTOM_1781e759516c,Symptom
COMPOUND_6d9123c8993a,SYMPTOM_078750ea56f7,SYMPTOM_003993957fb9,Symptom
COMPOUND_6d9123c8993a,SYMPTOM_078750ea56f7,SYMPTOM_005668237e94,Symptom
COMPOUND_6d9123c8993a,SYMPTOM_078750ea56f7,SYMPTOM_0071d323d363,Symptom
COMPOUND_6d9123c8993a,SYMPTOM_078750ea56f7,SYMPTOM_0084e48e9830,Symptom
COMPOUND_6d9123c8993a,SYMPTOM_078750ea56f7,SYMPTOM_009811abd195,Symptom
COMPOUND_6d9123c8993a,SYMPTOM_ac4ac57a7b7f,SYMPTOM_003993957fb9,Symptom
COMPOUND_6d9123c8993a,SYMPTOM_ac4ac57a7b7f,SYMPTOM_005668237e94,Symptom
COMPOUND_6d9123c8993a,SYMPTOM_ac4ac57a7b7f,SYMPTOM_0071d323d363,Symptom
COMPOUND_6d9123c8993a,SYMPTOM_ac4ac57a7b7f,SYMPTOM_0084e48e9830,Symptom
COMPOUND_6d9123c8993a,SYMPTOM_ac4ac57a7b7f,SYMPTOM_009811abd195,Symptom
COMPOUND_d85ccf8aca8c,SYMPTOM_5b86f80f6a2d,SYMPTOM_01a89e9be65b,Symptom
COMPOUND_d85ccf8aca8c,SYMPTOM_5b86f80f6a2d,SYMPTOM_0ebf3cbae989,Symptom
COMPOUND_d85ccf8aca8c,SYMPTOM_5b86f80f6a2d,SYMPTOM_0f70f3b506e2,Symptom
COMPOUND_d85ccf8aca8c,SYMPTOM_5b86f80f6a2d,SYMPTOM_10d012baa5e9,Symptom
COMPOUND_d85ccf8aca8c,SYMPTOM_5b86f80f6a2d,SYMPTOM_1781e759516c,Symptom
COMPOUND_71c41f10aca6,SYMPTOM_13a284b618f2,SYMPTOM_01a89e9be65b,Symptom
COMPOUND_71c41f10aca6,SYMPTOM_13a284b618f2,SYMPTOM_0ebf3cbae989,Symptom
COMPOUND_71c41f10aca6,SYMPTOM_13a284b618f2,SYMPTOM_0f70f3b506e2,Symptom
COMPOUND_71c41f10aca6,SYMPTOM_13a284b618f2,SYMPTOM_10d012baa5e9,Symptom
COMPOUND_71c41f10aca6,SYMPTOM_13a284b618f2,SYMPTOM_1781e759516c,Symptom
COMPOUND_71c41f10aca6,SYMPTOM_c0004a138aff,SYMPTOM_01a89e9be65b,Symptom
COMPOUND_71c41f10aca6,SYMPTOM_c0004a138aff,SYMPTOM_0ebf3cbae989,Symptom
COMPOUND_71c41f10aca6,SYMPTOM_c0004a138aff,SYMPTOM_0f70f3b506e2,Symptom
COMPOUND_71c41f10aca6,SYMPTOM_c0004a138aff,SYMPTOM_10d012baa5e9,Symptom
COMPOUND_71c41f10aca6,SYMPTOM_c0004a138aff,SYMPTOM_1781e759516c,Symptom
COMPOUND_71c41f10aca6,SYMPTOM_947c70271d24,SYMPTOM_01a89e9be65b,Symptom
COMPOUND_71c41f10aca6,SYMPTOM_947c70271d24,SYMPTOM_0ebf3cbae989,Symptom
COMPOUND_71c41f10aca6,SYMPTOM_947c70271d24,SYMPTOM_0f70f3b506e2,Symptom
COMPOUND_71c41f10aca6,SYMPTOM_947c70271d24,SYMPTOM_10d012baa5e9,Symptom
COMPOUND_71c41f10aca6,SYMPTOM_947c70271d24,SYMPTOM_1781e759516c,Symptom
COMPOUND_71c41f10aca6,SYMPTOM_078750ea56f7,SYMPTOM_01a89e9be65b,Symptom
COMPOUND_71c41f10aca6,SYMPTOM_078750ea56f7,SYMPTOM_0ebf3cbae989,Symptom
COMPOUND_71c41f10aca6,SYMPTOM_078750ea56f7,SYMPTOM_0f70f3b506e2,Symptom
COMPOUND_71c41f10aca6,SYMPTOM_078750ea56f7,SYMPTOM_10d012baa5e9,Symptom
COMPOUND_71c41f10aca6,SYMPTOM_078750ea56f7,SYMPTOM_1781e759516c,Symptom
COMPOUND_71c41f10aca6,SYMPTOM_b2d0d3f599e0,SYMPTOM_01a89e9be65b,Symptom
COMPOUND_71c41f10aca6,SYMPTOM_b2d0d3f599e0,SYMPTOM_0ebf3cbae989,Symptom
COMPOUND_71c41f10aca6,SYMPTOM_b2d0d3f599e0,SYMPTOM_0f70f3b506e2,Symptom
COMPOUND_71c41f10aca6,SYMPTOM_b2d0d3f599e0,SYMPTOM_10d012baa5e9,Symptom
COMPOUND_71c41f10aca6,SYMPTOM_b2d0d3f599e0,SYMPTOM_1781e759516c,Symptom
COMPOUND_71c41f10aca6,SYMPTOM_4d26ce2697b7,SYMPTOM_01a89e9be65b,Symptom
COMPOUND_71c41f10aca6,SYMPTOM_4d26ce2697b7,SYMPTOM_0ebf3cbae989,Symptom
COMPOUND_71c41f10aca6,SYMPTOM_4d26ce2697b7,SYMPTOM_0f70f3b506e2,Symptom
COMPOUND_71c41f10aca6,SYMPTOM_4d26ce2697b7,SYMPTOM_10d012baa5e9,Symptom
COMPOUND_71c41f10aca6,SYMPTOM_4d26ce2697b7,SYMPTOM_1781e759516c,Symptom
COMPOUND_71c41f10aca6,SYMPTOM_19919db973fd,SYMPTOM_01a89e9be65b,Symptom
COMPOUND_71c41f10aca6,SYMPTOM_19919db973fd,SYMPTOM_0ebf3cbae989,Symptom
COMPOUND_71c41f10aca6,SYMPTOM_19919db973fd,SYMPTOM_0f70f3b506e2,Symptom
COMPOUND_71c41f10aca6,SYMPTOM_19919db973fd,SYMPTOM_10d012baa5e9,Symptom
COMPOUND_71c41f10aca6,SYMPTOM_19919db973fd,SYMPTOM_1781e759516c,Symptom
COMPOUND_ee468af67297,SYMPTOM_685c0772c819,SYMPTOM_0084e48e9830,Symptom
COMPOUND_ee468af67297,SYMPTOM_685c0772c819,SYMPTOM_019b26c4f71c,Symptom
COMPOUND_ee468af67297,SYMPTOM_685c0772c819,SYMPTOM_01a89e9be65b,Symptom
COMPOUND_ee468af67297,SYMPTOM_685c0772c819,SYMPTOM_02173f59399c,Symptom
COMPOUND_ee468af67297,SYMPTOM_685c0772c819,SYMPTOM_023def1f9728,Symptom
COMPOUND_ee468af67297,SYMPTOM_ac4ac57a7b7f,SYMPTOM_0084e48e9830,Symptom
COMPOUND_ee468af67297,SYMPTOM_ac4ac57a7b7f,SYMPTOM_019b26c4f71c,Symptom
COMPOUND_ee468af67297,SYMPTOM_ac4ac57a7b7f,SYMPTOM_01a89e9be65b,Symptom
COMPOUND_ee468af67297,SYMPTOM_ac4ac57a7b7f,SYMPTOM_02173f59399c,Symptom
COMPOUND_ee468af67297,SYMPTOM_ac4ac57a7b7f,SYMPTOM_023def1f9728,Symptom
COMPOUND_a0901a576890,DISEASE_071459a0c2fd,DISEASE_120d64215d86,Disease
COMPOUND_a0901a576890,DISEASE_071459a0c2fd,DISEASE_33f32d4c3a5c,Disease
COMPOUND_a0901a576890,DISEASE_071459a0c2fd,DISEASE_57750b73b487,Disease
COMPOUND_a0901a576890,DISEASE_071459a0c2fd,DISEASE_66ce053b0c0b,Disease
COMPOUND_a0901a576890,DISEASE_071459a0c2fd,DISEASE_800f3dcd7399,Disease
COMPOUND_56237a7cf874,SYMPTOM_a0482f3f8c7b,SYMPTOM_003993957fb9,Symptom
COMPOUND_56237a7cf874,SYMPTOM_a0482f3f8c7b,SYMPTOM_005668237e94,Symptom
COMPOUND_56237a7cf874,SYMPTOM_a0482f3f8c7b,SYMPTOM_0071d323d363,Symptom
COMPOUND_56237a7cf874,SYMPTOM_a0482f3f8c7b,SYMPTOM_0084e48e9830,Symptom
COMPOUND_56237a7cf874,SYMPTOM_a0482f3f8c7b,SYMPTOM_009811abd195,Symptom
COMPOUND_56237a7cf874,DISEASE_e7a747ffb620,DISEASE_071459a0c2fd,Disease
COMPOUND_56237a7cf874,DISEASE_e7a747ffb620,DISEASE_093461e46ef0,Disease
COMPOUND_56237a7cf874,DISEASE_e7a747ffb620,DISEASE_0ace1f8e701c,Disease
COMPOUND_56237a7cf874,DISEASE_e7a747ffb620,DISEASE_120d64215d86,Disease
COMPOUND_56237a7cf874,DISEASE_e7a747ffb620,DISEASE_13ef8ee6ec1a,Disease
COMPOUND_56237a7cf874,SYMPTOM_9a9214077697,SYMPTOM_003993957fb9,Symptom
COMPOUND_56237a7cf874,SYMPTOM_9a9214077697,SYMPTOM_005668237e94,Symptom
COMPOUND_56237a7cf874,SYMPTOM_9a9214077697,SYMPTOM_0071d323d363,Symptom
COMPOUND_56237a7cf874,SYMPTOM_9a9214077697,SYMPTOM_0084e48e9830,Symptom
COMPOUND_56237a7cf874,SYMPTOM_9a9214077697,SYMPTOM_009811abd195,Symptom
COMPOUND_56237a7cf874,SYMPTOM_8c8e9a9a5f8a,SYMPTOM_003993957fb9,Symptom
COMPOUND_56237a7cf874,SYMPTOM_8c8e9a9a5f8a,SYMPTOM_005668237e94,Symptom
COMPOUND_56237a7cf874,SYMPTOM_8c8e9a9a5f8a,SYMPTOM_0071d323d363,Symptom
COMPOUND_56237a7cf874,SYMPTOM_8c8e9a9a5f8a,SYMPTOM_0084e48e9830,Symptom
COMPOUND_56237a7cf874,SYMPTOM_8c8e9a9a5f8a,SYMPTOM_009811abd195,Symptom
COMPOUND_56237a7cf874,SYMPTOM_45bf1f080442,SYMPTOM_003993957fb9,Symptom
COMPOUND_56237a7cf874,SYMPTOM_45bf1f080442,SYMPTOM_005668237e94,Symptom
COMPOUND_56237a7cf874,SYMPTOM_45bf1f080442,SYMPTOM_0071d323d363,Symptom
COMPOUND_56237a7cf874,SYMPTOM_45bf1f080442,SYMPTOM_0084e48e9830,Symptom
COMPOUND_56237a7cf874,SYMPTOM_45bf1f080442,SYMPTOM_009811abd195,Symptom
COMPOUND_56237a7cf874,SYMPTOM_9d97728be9d1,SYMPTOM_003993957fb9,Symptom
COMPOUND_56237a7cf874,SYMPTOM_9d97728be9d1,SYMPTOM_005668237e94,Symptom
COMPOUND_56237a7cf874,SYMPTOM_9d97728be9d1,SYMPTOM_0071d323d363,Symptom
COMPOUND_56237a7cf874,SYMPTOM_9d97728be9d1,SYMPTOM_0084e48e9830,Symptom
COMPOUND_56237a7cf874,SYMPTOM_9d97728be9d1,SYMPTOM_009811abd195,Symptom
COMPOUND_56237a7cf874,SYMPTOM_262d000bb6a3,SYMPTOM_003993957fb9,Symptom
COMPOUND_56237a7cf874,SYMPTOM_262d000bb6a3,SYMPTOM_005668237e94,Symptom
COMPOUND_56237a7cf874,SYMPTOM_262d000bb6a3,SYMPTOM_0071d323d363,Symptom
COMPOUND_56237a7cf874,SYMPTOM_262d000bb6a3,SYMPTOM_0084e48e9830,Symptom
COMPOUND_56237a7cf874,SYMPTOM_262d000bb6a3,SYMPTOM_009811abd195,Symptom
COMPOUND_56237a7cf874,SYMPTOM_f8703b74a201,SYMPTOM_003993957fb9,Symptom
COMPOUND_56237a7cf874,SYMPTOM_f8703b74a201,SYMPTOM_005668237e94,Symptom
COMPOUND_56237a7cf874,SYMPTOM_f8703b74a201,SYMPTOM_0071d323d363,Symptom
COMPOUND_56237a7cf874,SYMPTOM_f8703b74a201,SYMPTOM_0084e48e9830,Symptom
COMPOUND_56237a7cf874,SYMPTOM_f8703b74a201,SYMPTOM_009811abd195,Symptom
COMPOUND_56237a7cf874,SYMPTOM_a317a04d6ea5,SYMPTOM_003993957fb9,Symptom
COMPOUND_56237a7cf874,SYMPTOM_a317a04d6ea5,SYMPTOM_005668237e94,Symptom
COMPOUND_56237a7cf874,SYMPTOM_a317a04d6ea5,SYMPTOM_0071d323d363,Symptom
COMPOUND_56237a7cf874,SYMPTOM_a317a04d6ea5,SYMPTOM_0084e48e9830,Symptom
COMPOUND_56237a7cf874,SYMPTOM_a317a04d6ea5,SYMPTOM_009811abd195,Symptom
COMPOUND_56237a7cf874,SYMPTOM_603d8414fc2a,SYMPTOM_003993957fb9,Symptom
COMPOUND_56237a7cf874,SYMPTOM_603d8414fc2a,SYMPTOM_005668237e94,Symptom
COMPOUND_56237a7cf874,SYMPTOM_603d8414fc2a,SYMPTOM_0071d323d363,Symptom
COMPOUND_56237a7cf874,SYMPTOM_603d8414fc2a,SYMPTOM_0084e48e9830,Symptom
COMPOUND_56237a7cf874,SYMPTOM_603d8414fc2a,SYMPTOM_009811abd195,Symptom
COMPOUND_56237a7cf874,SYMPTOM_daa909de830a,SYMPTOM_003993957fb9,Symptom
COMPOUND_56237a7cf874,SYMPTOM_daa909de830a,SYMPTOM_005668237e94,Symptom
COMPOUND_56237a7cf874,SYMPTOM_daa909de830a,SYMPTOM_0071d323d363,Symptom
COMPOUND_56237a7cf874,SYMPTOM_daa909de830a,SYMPTOM_0084e48e9830,Symptom
COMPOUND_56237a7cf874,SYMPTOM_daa909de830a,SYMPTOM_009811abd195,Symptom
COMPOUND_56237a7cf874,SYMPTOM_10d012baa5e9,SYMPTOM_003993957fb9,Symptom
COMPOUND_56237a7cf874,SYMPTOM_10d012baa5e9,SYMPTOM_005668237e94,Symptom
COMPOUND_56237a7cf874,SYMPTOM_10d012baa5e9,SYMPTOM_0071d323d363,Symptom
COMPOUND_56237a7cf874,SYMPTOM_10d012baa5e9,SYMPTOM_0084e48e9830,Symptom
COMPOUND_56237a7cf874,SYMPTOM_10d012baa5e9,SYMPTOM_009811abd195,Symptom
COMPOUND_56237a7cf874,SYMPTOM_d257d2808a69,SYMPTOM_003993957fb9,Symptom
COMPOUND_56237a7cf874,SYMPTOM_d257d2808a69,SYMPTOM_005668237e94,Symptom
COMPOUND_56237a7cf874,SYMPTOM_d257d2808a69,SYMPTOM_0071d323d363,Symptom
COMPOUND_56237a7cf874,SYMPTOM_d257d2808a69,SYMPTOM_0084e48e9830,Symptom
COMPOUND_56237a7cf874,SYMPTOM_d257d2808a69,SYMPTOM_009811abd195,Symptom
COMPOUND_56237a7cf874,SYMPTOM_ac4ac57a7b7f,SYMPTOM_003993957fb9,Symptom
COMPOUND_56237a7cf874,SYMPTOM_ac4ac57a7b7f,SYMPTOM_005668237e94,Symptom
COMPOUND_56237a7cf874,SYMPTOM_ac4ac57a7b7f,SYMPTOM_0071d323d363,Symptom
COMPOUND_56237a7cf874,SYMPTOM_ac4ac57a7b7f,SYMPTOM_0084e48e9830,Symptom
COMPOUND_56237a7cf874,SYMPTOM_ac4ac57a7b7f,SYMPTOM_009811abd195,Symptom
COMPOUND_56237a7cf874,SYMPTOM_0a61ad588557,SYMPTOM_003993957fb9,Symptom
COMPOUND_56237a7cf874,SYMPTOM_0a61ad588557,SYMPTOM_005668237e94,Symptom
COMPOUND_56237a7cf874,SYMPTOM_0a61ad588557,SYMPTOM_0071d323d363,Symptom
COMPOUND_56237a7cf874,SYMPTOM_0a61ad588557,SYMPTOM_0084e48e9830,Symptom
COMPOUND_56237a7cf874,SYMPTOM_0a61ad588557,SYMPTOM_009811abd195,Symptom
COMPOUND_56237a7cf874,SYMPTOM_22d17c9ceaff,SYMPTOM_003993957fb9,Symptom
COMPOUND_56237a7cf874,SYMPTOM_22d17c9ceaff,SYMPTOM_005668237e94,Symptom
COMPOUND_56237a7cf874,SYMPTOM_22d17c9ceaff,SYMPTOM_0071d323d363,Symptom
COMPOUND_56237a7cf874,SYMPTOM_22d17c9ceaff,SYMPTOM_0084e48e9830,Symptom
COMPOUND_56237a7cf874,SYMPTOM_22d17c9ceaff,SYMPTOM_009811abd195,Symptom
COMPOUND_56237a7cf874,SYMPTOM_c3332f5bc908,SYMPTOM_003993957fb9,Symptom
COMPOUND_56237a7cf874,SYMPTOM_c3332f5bc908,SYMPTOM_005668237e94,Symptom
COMPOUND_56237a7cf874,SYMPTOM_c3332f5bc908,SYMPTOM_0071d323d363,Symptom
COMPOUND_56237a7cf874,SYMPTOM_c3332f5bc908,SYMPTOM_0084e48e9830,Symptom
COMPOUND_56237a7cf874,SYMPTOM_c3332f5bc908,SYMPTOM_009811abd195,Symptom
COMPOUND_56237a7cf874,SYMPTOM_64c8aca0d1b5,SYMPTOM_003993957fb9,Symptom
COMPOUND_56237a7cf874,SYMPTOM_64c8aca0d1b5,SYMPTOM_005668237e94,Symptom
COMPOUND_56237a7cf874,SYMPTOM_64c8aca0d1b5,SYMPTOM_0071d323d363,Symptom
COMPOUND_56237a7cf874,SYMPTOM_64c8aca0d1b5,SYMPTOM_0084e48e9830,Symptom
COMPOUND_56237a7cf874,SYMPTOM_64c8aca0d1b5,SYMPTOM_009811abd195,Symptom
COMPOUND_56237a7cf874,SYMPTOM_a12879b9590a,SYMPTOM_003993957fb9,Symptom
COMPOUND_56237a7cf874,SYMPTOM_a12879b9590a,SYMPTOM_005668237e94,Symptom
COMPOUND_56237a7cf874,SYMPTOM_a12879b9590a,SYMPTOM_0071d323d363,Symptom
COMPOUND_56237a7cf874,SYMPTOM_a12879b9590a,SYMPTOM_0084e48e9830,Symptom
COMPOUND_56237a7cf874,SYMPTOM_a12879b9590a,SYMPTOM_009811abd195,Symptom
COMPOUND_049a21ae131b,SYMPTOM_13a284b618f2,SYMPTOM_003993957fb9,Symptom
COMPOUND_049a21ae131b,SYMPTOM_13a284b618f2,SYMPTOM_005668237e94,Symptom
COMPOUND_049a21ae131b,SYMPTOM_13a284b618f2,SYMPTOM_0071d323d363,Symptom
COMPOUND_049a21ae131b,SYMPTOM_13a284b618f2,SYMPTOM_0084e48e9830,Symptom
COMPOUND_049a21ae131b,SYMPTOM_13a284b618f2,SYMPTOM_009811abd195,Symptom
COMPOUND_dfb598ee9b2f,SYMPTOM_ac0e3338a98b,SYMPTOM_01a89e9be65b,Symptom
COMPOUND_dfb598ee9b2f,SYMPTOM_ac0e3338a98b,SYMPTOM_0ebf3cbae989,Symptom
COMPOUND_dfb598ee9b2f,SYMPTOM_ac0e3338a98b,SYMPTOM_0f70f3b506e2,Symptom
COMPOUND_dfb598ee9b2f,SYMPTOM_ac0e3338a98b,SYMPTOM_10d012baa5e9,Symptom
COMPOUND_dfb598ee9b2f,SYMPTOM_ac0e3338a98b,SYMPTOM_1781e759516c,Symptom
COMPOUND_dfb598ee9b2f,SYMPTOM_9a9214077697,SYMPTOM_01a89e9be65b,Symptom
COMPOUND_dfb598ee9b2f,SYMPTOM_9a9214077697,SYMPTOM_0ebf3cbae989,Symptom
COMPOUND_dfb598ee9b2f,SYMPTOM_9a9214077697,SYMPTOM_0f70f3b506e2,Symptom
COMPOUND_dfb598ee9b2f,SYMPTOM_9a9214077697,SYMPTOM_10d012baa5e9,Symptom
COMPOUND_dfb598ee9b2f,SYMPTOM_9a9214077697,SYMPTOM_1781e759516c,Symptom
COMPOUND_dfb598ee9b2f,SYMPTOM_64c8aca0d1b5,SYMPTOM_01a89e9be65b,Symptom
COMPOUND_dfb598ee9b2f,SYMPTOM_64c8aca0d1b5,SYMPTOM_0ebf3cbae989,Symptom
COMPOUND_dfb598ee9b2f,SYMPTOM_64c8aca0d1b5,SYMPTOM_0f70f3b506e2,Symptom
COMPOUND_dfb598ee9b2f,SYMPTOM_64c8aca0d1b5,SYMPTOM_10d012baa5e9,Symptom
COMPOUND_dfb598ee9b2f,SYMPTOM_64c8aca0d1b5,SYMPTOM_1781e759516c,Symptom
COMPOUND_8e01bf7fcba4,DISEASE_b2a66b919818,DISEASE_120d64215d86,Disease
COMPOUND_8e01bf7fcba4,DISEASE_b2a66b919818,DISEASE_33f32d4c3a5c,Disease
COMPOUND_8e01bf7fcba4,DISEASE_b2a66b919818,DISEASE_57750b73b487,Disease
COMPOUND_8e01bf7fcba4,DISEASE_b2a66b919818,DISEASE_66ce053b0c0b,Disease
COMPOUND_8e01bf7fcba4,DISEASE_b2a66b919818,DISEASE_800f3dcd7399,Disease
COMPOUND_469d25ddc65b,SYMPTOM_9a9214077697,SYMPTOM_003993957fb9,Symptom
COMPOUND_469d25ddc65b,SYMPTOM_9a9214077697,SYMPTOM_005668237e94,Symptom
COMPOUND_469d25ddc65b,SYMPTOM_9a9214077697,SYMPTOM_0071d323d363,Symptom
COMPOUND_469d25ddc65b,SYMPTOM_9a9214077697,SYMPTOM_0084e48e9830,Symptom
COMPOUND_469d25ddc65b,SYMPTOM_9a9214077697,SYMPTOM_009811abd195,Symptom
COMPOUND_469d25ddc65b,SYMPTOM_64c8aca0d1b5,SYMPTOM_003993957fb9,Symptom
COMPOUND_469d25ddc65b,SYMPTOM_64c8aca0d1b5,SYMPTOM_005668237e94,Symptom
COMPOUND_469d25ddc65b,SYMPTOM_64c8aca0d1b5,SYMPTOM_0071d323d363,Symptom
COMPOUND_469d25ddc65b,SYMPTOM_64c8aca0d1b5,SYMPTOM_0084e48e9830,Symptom
COMPOUND_469d25ddc65b,SYMPTOM_64c8aca0d1b5,SYMPTOM_009811abd195,Symptom
COMPOUND_9004ce399c2a,SYMPTOM_7c9145c4a20c,SYMPTOM_01a89e9be65b,Symptom
COMPOUND_9004ce399c2a,SYMPTOM_7c9145c4a20c,SYMPTOM_0ebf3cbae989,Symptom
COMPOUND_9004ce399c2a,SYMPTOM_7c9145c4a20c,SYMPTOM_0f70f3b506e2,Symptom
COMPOUND_9004ce399c2a,SYMPTOM_7c9145c4a20c,SYMPTOM_10d012baa5e9,Symptom
COMPOUND_9004ce399c2a,SYMPTOM_7c9145c4a20c,SYMPTOM_1781e759516c,Symptom
COMPOUND_f8496d5b44cf,SYMPTOM_240d81476af3,SYMPTOM_01a89e9be65b,Symptom
COMPOUND_f8496d5b44cf,SYMPTOM_240d81476af3,SYMPTOM_0ebf3cbae989,Symptom
COMPOUND_f8496d5b44cf,SYMPTOM_240d81476af3,SYMPTOM_0f70f3b506e2,Symptom
COMPOUND_f8496d5b44cf,SYMPTOM_240d81476af3,SYMPTOM_10d012baa5e9,Symptom
COMPOUND_f8496d5b44cf,SYMPTOM_240d81476af3,SYMPTOM_1781e759516c,Symptom
COMPOUND_cf8b8ee8302a,SYMPTOM_64c8aca0d1b5,SYMPTOM_003993957fb9,Symptom
COMPOUND_cf8b8ee8302a,SYMPTOM_64c8aca0d1b5,SYMPTOM_005668237e94,Symptom
COMPOUND_cf8b8ee8302a,SYMPTOM_64c8aca0d1b5,SYMPTOM_0071d323d363,Symptom
COMPOUND_cf8b8ee8302a,SYMPTOM_64c8aca0d1b5,SYMPTOM_0084e48e9830,Symptom
COMPOUND_cf8b8ee8302a,SYMPTOM_64c8aca0d1b5,SYMPTOM_009811abd195,Symptom
COMPOUND_cf8b8ee8302a,SYMPTOM_9a9214077697,SYMPTOM_003993957fb9,Symptom
COMPOUND_cf8b8ee8302a,SYMPTOM_9a9214077697,SYMPTOM_005668237e94,Symptom
COMPOUND_cf8b8ee8302a,SYMPTOM_9a9214077697,SYMPTOM_0071d323d363,Symptom
COMPOUND_cf8b8ee8302a,SYMPTOM_9a9214077697,SYMPTOM_0084e48e9830,Symptom
COMPOUND_cf8b8ee8302a,SYMPTOM_9a9214077697,SYMPTOM_009811abd195,Symptom
COMPOUND_3f72e8ba210b,SYMPTOM_15564a4455ce,SYMPTOM_01a89e9be65b,Symptom
COMPOUND_3f72e8ba210b,SYMPTOM_15564a4455ce,SYMPTOM_0ebf3cbae989,Symptom
COMPOUND_3f72e8ba210b,SYMPTOM_15564a4455ce,SYMPTOM_0f70f3b506e2,Symptom
COMPOUND_3f72e8ba210b,SYMPTOM_15564a4455ce,SYMPTOM_10d012baa5e9,Symptom
COMPOUND_3f72e8ba210b,SYMPTOM_15564a4455ce,SYMPTOM_1781e759516c,Symptom
COMPOUND_7bf90cf99e50,SYMPTOM_e4d3338c3946,SYMPTOM_003993957fb9,Symptom
COMPOUND_7bf90cf99e50,SYMPTOM_e4d3338c3946,SYMPTOM_005668237e94,Symptom
COMPOUND_7bf90cf99e50,SYMPTOM_e4d3338c3946,SYMPTOM_0071d323d363,Symptom
COMPOUND_7bf90cf99e50,SYMPTOM_e4d3338c3946,SYMPTOM_0084e48e9830,Symptom
COMPOUND_7bf90cf99e50,SYMPTOM_e4d3338c3946,SYMPTOM_009811abd195,Symptom
COMPOUND_15b3a54a521d,SYMPTOM_13a284b618f2,SYMPTOM_01a89e9be65b,Symptom
COMPOUND_15b3a54a521d,SYMPTOM_13a284b618f2,SYMPTOM_0ebf3cbae989,Symptom
COMPOUND_15b3a54a521d,SYMPTOM_13a284b618f2,SYMPTOM_0f70f3b506e2,Symptom
COMPOUND_15b3a54a521d,SYMPTOM_13a284b618f2,SYMPTOM_10d012baa5e9,Symptom
COMPOUND_15b3a54a521d,SYMPTOM_13a284b618f2,SYMPTOM_1781e759516c,Symptom
COMPOUND_15b3a54a521d,SYMPTOM_685c0772c819,SYMPTOM_01a89e9be65b,Symptom
COMPOUND_15b3a54a521d,SYMPTOM_685c0772c819,SYMPTOM_0ebf3cbae989,Symptom
COMPOUND_15b3a54a521d,SYMPTOM_685c0772c819,SYMPTOM_0f70f3b506e2,Symptom
COMPOUND_15b3a54a521d,SYMPTOM_685c0772c819,SYMPTOM_10d012baa5e9,Symptom
COMPOUND_15b3a54a521d,SYMPTOM_685c0772c819,SYMPTOM_1781e759516c,Symptom
COMPOUND_15b3a54a521d,SYMPTOM_76ce1b842ce5,SYMPTOM_01a89e9be65b,Symptom
COMPOUND_15b3a54a521d,SYMPTOM_76ce1b842ce5,SYMPTOM_0ebf3cbae989,Symptom
COMPOUND_15b3a54a521d,SYMPTOM_76ce1b842ce5,SYMPTOM_0f70f3b506e2,Symptom
COMPOUND_15b3a54a521d,SYMPTOM_76ce1b842ce5,SYMPTOM_10d012baa5e9,Symptom
COMPOUND_15b3a54a521d,SYMPTOM_76ce1b842ce5,SYMPTOM_1781e759516c,Symptom
COMPOUND_15b3a54a521d,SYMPTOM_4d26ce2697b7,SYMPTOM_01a89e9be65b,Symptom
COMPOUND_15b3a54a521d,SYMPTOM_4d26ce2697b7,SYMPTOM_0ebf3cbae989,Symptom
COMPOUND_15b3a54a521d,SYMPTOM_4d26ce2697b7,SYMPTOM_0f70f3b506e2,Symptom
COMPOUND_15b3a54a521d,SYMPTOM_4d26ce2697b7,SYMPTOM_10d012baa5e9,Symptom
COMPOUND_15b3a54a521d,SYMPTOM_4d26ce2697b7,SYMPTOM_1781e759516c,Symptom
COMPOUND_15b3a54a521d,SYMPTOM_19919db973fd,SYMPTOM_01a89e9be65b,Symptom
COMPOUND_15b3a54a521d,SYMPTOM_19919db973fd,SYMPTOM_0ebf3cbae989,Symptom
COMPOUND_15b3a54a521d,SYMPTOM_19919db973fd,SYMPTOM_0f70f3b506e2,Symptom
COMPOUND_15b3a54a521d,SYMPTOM_19919db973fd,SYMPTOM_10d012baa5e9,Symptom
COMPOUND_15b3a54a521d,SYMPTOM_19919db973fd,SYMPTOM_1781e759516c,Symptom
COMPOUND_e205c1cbba2e,SYMPTOM_de00827d7e8e,SYMPTOM_01a89e9be65b,Symptom
COMPOUND_e205c1cbba2e,SYMPTOM_de00827d7e8e,SYMPTOM_0ebf3cbae989,Symptom
COMPOUND_e205c1cbba2e,SYMPTOM_de00827d7e8e,SYMPTOM_0f70f3b506e2,Symptom
COMPOUND_e205c1cbba2e,SYMPTOM_de00827d7e8e,SYMPTOM_10d012baa5e9,Symptom
COMPOUND_e205c1cbba2e,SYMPTOM_de00827d7e8e,SYMPTOM_1781e759516c,Symptom
COMPOUND_e205c1cbba2e,SYMPTOM_b4b1fb71c52c,SYMPTOM_01a89e9be65b,Symptom
COMPOUND_e205c1cbba2e,SYMPTOM_b4b1fb71c52c,SYMPTOM_0ebf3cbae989,Symptom
COMPOUND_e205c1cbba2e,SYMPTOM_b4b1fb71c52c,SYMPTOM_0f70f3b506e2,Symptom
COMPOUND_e205c1cbba2e,SYMPTOM_b4b1fb71c52c,SYMPTOM_10d012baa5e9,Symptom
COMPOUND_e205c1cbba2e,SYMPTOM_b4b1fb71c52c,SYMPTOM_1781e759516c,Symptom
COMPOUND_e205c1cbba2e,SYMPTOM_c6e23b2dca0c,SYMPTOM_01a89e9be65b,Symptom
COMPOUND_e205c1cbba2e,SYMPTOM_c6e23b2dca0c,SYMPTOM_0ebf3cbae989,Symptom
COMPOUND_e205c1cbba2e,SYMPTOM_c6e23b2dca0c,SYMPTOM_0f70f3b506e2,Symptom
COMPOUND_e205c1cbba2e,SYMPTOM_c6e23b2dca0c,SYMPTOM_10d012baa5e9,Symptom
COMPOUND_e205c1cbba2e,SYMPTOM_c6e23b2dca0c,SYMPTOM_1781e759516c,Symptom
COMPOUND_e205c1cbba2e,SYMPTOM_54697eb57628,SYMPTOM_01a89e9be65b,Symptom
COMPOUND_e205c1cbba2e,SYMPTOM_54697eb57628,SYMPTOM_0ebf3cbae989,Symptom
COMPOUND_e205c1cbba2e,SYMPTOM_54697eb57628,SYMPTOM_0f70f3b506e2,Symptom
COMPOUND_e205c1cbba2e,SYMPTOM_54697eb57628,SYMPTOM_10d012baa5e9,Symptom
COMPOUND_e205c1cbba2e,SYMPTOM_54697eb57628,SYMPTOM_1781e759516c,Symptom
COMPOUND_e205c1cbba2e,SYMPTOM_fc820d24b342,SYMPTOM_01a89e9be65b,Symptom
COMPOUND_e205c1cbba2e,SYMPTOM_fc820d24b342,SYMPTOM_0ebf3cbae989,Symptom
COMPOUND_e205c1cbba2e,SYMPTOM_fc820d24b342,SYMPTOM_0f70f3b506e2,Symptom
COMPOUND_e205c1cbba2e,SYMPTOM_fc820d24b342,SYMPTOM_10d012baa5e9,Symptom
COMPOUND_e205c1cbba2e,SYMPTOM_fc820d24b342,SYMPTOM_1781e759516c,Symptom
COMPOUND_e205c1cbba2e,SYMPTOM_2d2eb4e6f9b5,SYMPTOM_01a89e9be65b,Symptom
COMPOUND_e205c1cbba2e,SYMPTOM_2d2eb4e6f9b5,SYMPTOM_0ebf3cbae989,Symptom
COMPOUND_e205c1cbba2e,SYMPTOM_2d2eb4e6f9b5,SYMPTOM_0f70f3b506e2,Symptom
COMPOUND_e205c1cbba2e,SYMPTOM_2d2eb4e6f9b5,SYMPTOM_10d012baa5e9,Symptom
COMPOUND_e205c1cbba2e,SYMPTOM_2d2eb4e6f9b5,SYMPTOM_1781e759516c,Symptom
COMPOUND_073fa3a6a71f,DISEASE_578708c54b66,DISEASE_120d64215d86,Disease
COMPOUND_073fa3a6a71f,DISEASE_578708c54b66,DISEASE_33f32d4c3a5c,Disease
COMPOUND_073fa3a6a71f,DISEASE_578708c54b66,DISEASE_57750b73b487,Disease
COMPOUND_073fa3a6a71f,DISEASE_578708c54b66,DISEASE_66ce053b0c0b,Disease
COMPOUND_073fa3a6a71f,DISEASE_578708c54b66,DISEASE_800f3dcd7399,Disease
COMPOUND_073fa3a6a71f,SYMPTOM_b55c78026bc0,SYMPTOM_01a89e9be65b,Symptom
COMPOUND_073fa3a6a71f,SYMPTOM_b55c78026bc0,SYMPTOM_0ebf3cbae989,Symptom
COMPOUND_073fa3a6a71f,SYMPTOM_b55c78026bc0,SYMPTOM_0f70f3b506e2,Symptom
COMPOUND_073fa3a6a71f,SYMPTOM_b55c78026bc0,SYMPTOM_10d012baa5e9,Symptom
COMPOUND_073fa3a6a71f,SYMPTOM_b55c78026bc0,SYMPTOM_1781e759516c,Symptom
COMPOUND_ec79ef21ed09,SYMPTOM_c4b059814f9a,SYMPTOM_003993957fb9,Symptom
COMPOUND_ec79ef21ed09,SYMPTOM_c4b059814f9a,SYMPTOM_005668237e94,Symptom
COMPOUND_ec79ef21ed09,SYMPTOM_c4b059814f9a,SYMPTOM_0071d323d363,Symptom
COMPOUND_ec79ef21ed09,SYMPTOM_c4b059814f9a,SYMPTOM_0084e48e9830,Symptom
COMPOUND_ec79ef21ed09,SYMPTOM_c4b059814f9a,SYMPTOM_009811abd195,Symptom
COMPOUND_f8dcc50644f5,SYMPTOM_c4b059814f9a,SYMPTOM_0084e48e9830,Symptom
COMPOUND_f8dcc50644f5,SYMPTOM_c4b059814f9a,SYMPTOM_01a89e9be65b,Symptom
COMPOUND_f8dcc50644f5,SYMPTOM_c4b059814f9a,SYMPTOM_0ebf3cbae989,Symptom
COMPOUND_f8dcc50644f5,SYMPTOM_c4b059814f9a,SYMPTOM_0f70f3b506e2,Symptom
COMPOUND_f8dcc50644f5,SYMPTOM_c4b059814f9a,SYMPTOM_10d012baa5e9,Symptom
COMPOUND_2c62f79ad8da,DISEASE_071459a0c2fd,DISEASE_093461e46ef0,Disease
COMPOUND_2c62f79ad8da,DISEASE_071459a0c2fd,DISEASE_0ace1f8e701c,Disease
COMPOUND_2c62f79ad8da,DISEASE_071459a0c2fd,DISEASE_120d64215d86,Disease
COMPOUND_2c62f79ad8da,DISEASE_071459a0c2fd,DISEASE_13ef8ee6ec1a,Disease
COMPOUND_2c62f79ad8da,DISEASE_071459a0c2fd,DISEASE_2485972eab2b,Disease
COMPOUND_2c62f79ad8da,SYMPTOM_9f370bfc6ac7,SYMPTOM_003993957fb9,Symptom
COMPOUND_2c62f79ad8da,SYMPTOM_9f370bfc6ac7,SYMPTOM_005668237e94,Symptom
COMPOUND_2c62f79ad8da,SYMPTOM_9f370bfc6ac7,SYMPTOM_0071d323d363,Symptom
COMPOUND_2c62f79ad8da,SYMPTOM_9f370bfc6ac7,SYMPTOM_0084e48e9830,Symptom
COMPOUND_2c62f79ad8da,SYMPTOM_9f370bfc6ac7,SYMPTOM_009811abd195,Symptom
COMPOUND_2c62f79ad8da,SYMPTOM_b6818ea6bea5,SYMPTOM_003993957fb9,Symptom
COMPOUND_2c62f79ad8da,SYMPTOM_b6818ea6bea5,SYMPTOM_005668237e94,Symptom
COMPOUND_2c62f79ad8da,SYMPTOM_b6818ea6bea5,SYMPTOM_0071d323d363,Symptom
COMPOUND_2c62f79ad8da,SYMPTOM_b6818ea6bea5,SYMPTOM_0084e48e9830,Symptom
COMPOUND_2c62f79ad8da,SYMPTOM_b6818ea6bea5,SYMPTOM_009811abd195,Symptom
COMPOUND_2c62f79ad8da,SYMPTOM_e398892d7620,SYMPTOM_003993957fb9,Symptom
COMPOUND_2c62f79ad8da,SYMPTOM_e398892d7620,SYMPTOM_005668237e94,Symptom
COMPOUND_2c62f79ad8da,SYMPTOM_e398892d7620,SYMPTOM_0071d323d363,Symptom
COMPOUND_2c62f79ad8da,SYMPTOM_e398892d7620,SYMPTOM_0084e48e9830,Symptom
COMPOUND_2c62f79ad8da,SYMPTOM_e398892d7620,SYMPTOM_009811abd195,Symptom
COMPOUND_2c62f79ad8da,SYMPTOM_ac4ac57a7b7f,SYMPTOM_003993957fb9,Symptom
COMPOUND_2c62f79ad8da,SYMPTOM_ac4ac57a7b7f,SYMPTOM_005668237e94,Symptom
COMPOUND_2c62f79ad8da,SYMPTOM_ac4ac57a7b7f,SYMPTOM_0071d323d363,Symptom
COMPOUND_2c62f79ad8da,SYMPTOM_ac4ac57a7b7f,SYMPTOM_0084e48e9830,Symptom
COMPOUND_2c62f79ad8da,SYMPTOM_ac4ac57a7b7f,SYMPTOM_009811abd195,Symptom
COMPOUND_558ad70336f8,SYMPTOM_078750ea56f7,SYMPTOM_005668237e94,Symptom
COMPOUND_558ad70336f8,SYMPTOM_078750ea56f7,SYMPTOM_0084e48e9830,Symptom
COMPOUND_558ad70336f8,SYMPTOM_078750ea56f7,SYMPTOM_009811abd195,Symptom
COMPOUND_558ad70336f8,SYMPTOM_078750ea56f7,SYMPTOM_00a84885f5d0,Symptom
COMPOUND_558ad70336f8,SYMPTOM_078750ea56f7,SYMPTOM_00ae5da61efb,Symptom
COMPOUND_1dd467f7f991,SYMPTOM_45bf1f080442,SYMPTOM_01a89e9be65b,Symptom
COMPOUND_1dd467f7f991,SYMPTOM_45bf1f080442,SYMPTOM_0ebf3cbae989,Symptom
COMPOUND_1dd467f7f991,SYMPTOM_45bf1f080442,SYMPTOM_0f70f3b506e2,Symptom
COMPOUND_1dd467f7f991,SYMPTOM_45bf1f080442,SYMPTOM_10d012baa5e9,Symptom
COMPOUND_1dd467f7f991,SYMPTOM_45bf1f080442,SYMPTOM_1781e759516c,Symptom
COMPOUND_72dbc3a95fef,SYMPTOM_99158dd7f146,SYMPTOM_01a89e9be65b,Symptom
COMPOUND_72dbc3a95fef,SYMPTOM_99158dd7f146,SYMPTOM_0ebf3cbae989,Symptom
COMPOUND_72dbc3a95fef,SYMPTOM_99158dd7f146,SYMPTOM_0f70f3b506e2,Symptom
COMPOUND_72dbc3a95fef,SYMPTOM_99158dd7f146,SYMPTOM_10d012baa5e9,Symptom
COMPOUND_72dbc3a95fef,SYMPTOM_99158dd7f146,SYMPTOM_1781e759516c,Symptom
COMPOUND_d4cfc4097a8c,DISEASE_d60c11b4f6b2,DISEASE_071459a0c2fd,Disease
COMPOUND_d4cfc4097a8c,DISEASE_d60c11b4f6b2,DISEASE_093461e46ef0,Disease
COMPOUND_d4cfc4097a8c,DISEASE_d60c11b4f6b2,DISEASE_0ace1f8e701c,Disease
COMPOUND_d4cfc4097a8c,DISEASE_d60c11b4f6b2,DISEASE_120d64215d86,Disease
COMPOUND_d4cfc4097a8c,DISEASE_d60c11b4f6b2,DISEASE_13ef8ee6ec1a,Disease
COMPOUND_d4cfc4097a8c,SYMPTOM_a317a04d6ea5,SYMPTOM_003993957fb9,Symptom
COMPOUND_d4cfc4097a8c,SYMPTOM_a317a04d6ea5,SYMPTOM_005668237e94,Symptom
COMPOUND_d4cfc4097a8c,SYMPTOM_a317a04d6ea5,SYMPTOM_0071d323d363,Symptom
COMPOUND_d4cfc4097a8c,SYMPTOM_a317a04d6ea5,SYMPTOM_0084e48e9830,Symptom
COMPOUND_d4cfc4097a8c,SYMPTOM_a317a04d6ea5,SYMPTOM_009811abd195,Symptom
COMPOUND_8cb47c5aaa27,SYMPTOM_505f79dcc12b,SYMPTOM_003993957fb9,Symptom
COMPOUND_8cb47c5aaa27,SYMPTOM_505f79dcc12b,SYMPTOM_005668237e94,Symptom
COMPOUND_8cb47c5aaa27,SYMPTOM_505f79dcc12b,SYMPTOM_0071d323d363,Symptom
COMPOUND_8cb47c5aaa27,SYMPTOM_505f79dcc12b,SYMPTOM_0084e48e9830,Symptom
COMPOUND_8cb47c5aaa27,SYMPTOM_505f79dcc12b,SYMPTOM_009811abd195,Symptom
COMPOUND_06f3d2b81a9e,SYMPTOM_7212b99acdbd,SYMPTOM_01a89e9be65b,Symptom
COMPOUND_06f3d2b81a9e,SYMPTOM_7212b99acdbd,SYMPTOM_0ebf3cbae989,Symptom
COMPOUND_06f3d2b81a9e,SYMPTOM_7212b99acdbd,SYMPTOM_0f70f3b506e2,Symptom
COMPOUND_06f3d2b81a9e,SYMPTOM_7212b99acdbd,SYMPTOM_10d012baa5e9,Symptom
COMPOUND_06f3d2b81a9e,SYMPTOM_7212b99acdbd,SYMPTOM_1781e759516c,Symptom
COMPOUND_06f3d2b81a9e,SYMPTOM_fad12d24d6fa,SYMPTOM_01a89e9be65b,Symptom
COMPOUND_06f3d2b81a9e,SYMPTOM_fad12d24d6fa,SYMPTOM_0ebf3cbae989,Symptom
COMPOUND_06f3d2b81a9e,SYMPTOM_fad12d24d6fa,SYMPTOM_0f70f3b506e2,Symptom
COMPOUND_06f3d2b81a9e,SYMPTOM_fad12d24d6fa,SYMPTOM_10d012baa5e9,Symptom
COMPOUND_06f3d2b81a9e,SYMPTOM_fad12d24d6fa,SYMPTOM_1781e759516c,Symptom
COMPOUND_02f3fd2897ea,SYMPTOM_240d81476af3,SYMPTOM_01a89e9be65b,Symptom
COMPOUND_02f3fd2897ea,SYMPTOM_240d81476af3,SYMPTOM_0ebf3cbae989,Symptom
COMPOUND_02f3fd2897ea,SYMPTOM_240d81476af3,SYMPTOM_0f70f3b506e2,Symptom
COMPOUND_02f3fd2897ea,SYMPTOM_240d81476af3,SYMPTOM_10d012baa5e9,Symptom
COMPOUND_02f3fd2897ea,SYMPTOM_240d81476af3,SYMPTOM_1781e759516c,Symptom
COMPOUND_709eef9436bc,SYMPTOM_de00827d7e8e,SYMPTOM_01a89e9be65b,Symptom
COMPOUND_709eef9436bc,SYMPTOM_de00827d7e8e,SYMPTOM_0ebf3cbae989,Symptom
COMPOUND_709eef9436bc,SYMPTOM_de00827d7e8e,SYMPTOM_0f70f3b506e2,Symptom
COMPOUND_709eef9436bc,SYMPTOM_de00827d7e8e,SYMPTOM_10d012baa5e9,Symptom
COMPOUND_709eef9436bc,SYMPTOM_de00827d7e8e,SYMPTOM_1781e759516c,Symptom
COMPOUND_709eef9436bc,SYMPTOM_b4b1fb71c52c,SYMPTOM_01a89e9be65b,Symptom
COMPOUND_709eef9436bc,SYMPTOM_b4b1fb71c52c,SYMPTOM_0ebf3cbae989,Symptom
COMPOUND_709eef9436bc,SYMPTOM_b4b1fb71c52c,SYMPTOM_0f70f3b506e2,Symptom
COMPOUND_709eef9436bc,SYMPTOM_b4b1fb71c52c,SYMPTOM_10d012baa5e9,Symptom
COMPOUND_709eef9436bc,SYMPTOM_b4b1fb71c52c,SYMPTOM_1781e759516c,Symptom
COMPOUND_709eef9436bc,SYMPTOM_d2d6e1fd96a2,SYMPTOM_01a89e9be65b,Symptom
COMPOUND_709eef9436bc,SYMPTOM_d2d6e1fd96a2,SYMPTOM_0ebf3cbae989,Symptom
COMPOUND_709eef9436bc,SYMPTOM_d2d6e1fd96a2,SYMPTOM_0f70f3b506e2,Symptom
COMPOUND_709eef9436bc,SYMPTOM_d2d6e1fd96a2,SYMPTOM_10d012baa5e9,Symptom
COMPOUND_709eef9436bc,SYMPTOM_d2d6e1fd96a2,SYMPTOM_1781e759516c,Symptom
COMPOUND_ad0c3803d534,SYMPTOM_f8703b74a201,SYMPTOM_01a89e9be65b,Symptom
COMPOUND_ad0c3803d534,SYMPTOM_f8703b74a201,SYMPTOM_0ebf3cbae989,Symptom
COMPOUND_ad0c3803d534,SYMPTOM_f8703b74a201,SYMPTOM_0f70f3b506e2,Symptom
COMPOUND_ad0c3803d534,SYMPTOM_f8703b74a201,SYMPTOM_10d012baa5e9,Symptom
COMPOUND_ad0c3803d534,SYMPTOM_f8703b74a201,SYMPTOM_1781e759516c,Symptom
COMPOUND_2b70dbe4c323,SYMPTOM_7f628127e24e,SYMPTOM_01a89e9be65b,Symptom
COMPOUND_2b70dbe4c323,SYMPTOM_7f628127e24e,SYMPTOM_0f70f3b506e2,Symptom
COMPOUND_2b70dbe4c323,SYMPTOM_7f628127e24e,SYMPTOM_10d012baa5e9,Symptom
COMPOUND_2b70dbe4c323,SYMPTOM_7f628127e24e,SYMPTOM_1781e759516c,Symptom
COMPOUND_2b70dbe4c323,SYMPTOM_7f628127e24e,SYMPTOM_195cac6eb729,Symptom
COMPOUND_2b70dbe4c323,SYMPTOM_0ebf3cbae989,SYMPTOM_01a89e9be65b,Symptom
COMPOUND_2b70dbe4c323,SYMPTOM_0ebf3cbae989,SYMPTOM_0f70f3b506e2,Symptom
COMPOUND_2b70dbe4c323,SYMPTOM_0ebf3cbae989,SYMPTOM_10d012baa5e9,Symptom
COMPOUND_2b70dbe4c323,SYMPTOM_0ebf3cbae989,SYMPTOM_1781e759516c,Symptom
COMPOUND_2b70dbe4c323,SYMPTOM_0ebf3cbae989,SYMPTOM_195cac6eb729,Symptom
COMPOUND_2b70dbe4c323,DISEASE_ef3323aa3b9e,DISEASE_120d64215d86,Disease
COMPOUND_2b70dbe4c323,DISEASE_ef3323aa3b9e,DISEASE_33f32d4c3a5c,Disease
COMPOUND_2b70dbe4c323,DISEASE_ef3323aa3b9e,DISEASE_57750b73b487,Disease
COMPOUND_2b70dbe4c323,DISEASE_ef3323aa3b9e,DISEASE_66ce053b0c0b,Disease
COMPOUND_2b70dbe4c323,DISEASE_ef3323aa3b9e,DISEASE_800f3dcd7399,Disease
COMPOUND_2b70dbe4c323,SYMPTOM_b0a86039f54f,SYMPTOM_01a89e9be65b,Symptom
COMPOUND_2b70dbe4c323,SYMPTOM_b0a86039f54f,SYMPTOM_0f70f3b506e2,Symptom
COMPOUND_2b70dbe4c323,SYMPTOM_b0a86039f54f,SYMPTOM_10d012baa5e9,Symptom
COMPOUND_2b70dbe4c323,SYMPTOM_b0a86039f54f,SYMPTOM_1781e759516c,Symptom
COMPOUND_2b70dbe4c323,SYMPTOM_b0a86039f54f,SYMPTOM_195cac6eb729,Symptom
COMPOUND_2b70dbe4c323,SYMPTOM_1ef01892fcb7,SYMPTOM_01a89e9be65b,Symptom
COMPOUND_2b70dbe4c323,SYMPTOM_1ef01892fcb7,SYMPTOM_0f70f3b506e2,Symptom
COMPOUND_2b70dbe4c323,SYMPTOM_1ef01892fcb7,SYMPTOM_10d012baa5e9,Symptom
COMPOUND_2b70dbe4c323,SYMPTOM_1ef01892fcb7,SYMPTOM_1781e759516c,Symptom
COMPOUND_2b70dbe4c323,SYMPTOM_1ef01892fcb7,SYMPTOM_195cac6eb729,Symptom
COMPOUND_5cbe8250fe43,SYMPTOM_c4b059814f9a,SYMPTOM_01a89e9be65b,Symptom
COMPOUND_5cbe8250fe43,SYMPTOM_c4b059814f9a,SYMPTOM_0ebf3cbae989,Symptom
COMPOUND_5cbe8250fe43,SYMPTOM_c4b059814f9a,SYMPTOM_0f70f3b506e2,Symptom
COMPOUND_5cbe8250fe43,SYMPTOM_c4b059814f9a,SYMPTOM_10d012baa5e9,Symptom
COMPOUND_5cbe8250fe43,SYMPTOM_c4b059814f9a,SYMPTOM_1781e759516c,Symptom
COMPOUND_5cbe8250fe43,SYMPTOM_4d4f65befc86,SYMPTOM_01a89e9be65b,Symptom
COMPOUND_5cbe8250fe43,SYMPTOM_4d4f65befc86,SYMPTOM_0ebf3cbae989,Symptom
COMPOUND_5cbe8250fe43,SYMPTOM_4d4f65befc86,SYMPTOM_0f70f3b506e2,Symptom
COMPOUND_5cbe8250fe43,SYMPTOM_4d4f65befc86,SYMPTOM_10d012baa5e9,Symptom
COMPOUND_5cbe8250fe43,SYMPTOM_4d4f65befc86,SYMPTOM_1781e759516c,Symptom
COMPOUND_3830239d12ca,SYMPTOM_ac6155f9b05b,SYMPTOM_01a89e9be65b,Symptom
COMPOUND_3830239d12ca,SYMPTOM_ac6155f9b05b,SYMPTOM_0ebf3cbae989,Symptom
COMPOUND_3830239d12ca,SYMPTOM_ac6155f9b05b,SYMPTOM_0f70f3b506e2,Symptom
COMPOUND_3830239d12ca,SYMPTOM_ac6155f9b05b,SYMPTOM_10d012baa5e9,Symptom
COMPOUND_3830239d12ca,SYMPTOM_ac6155f9b05b,SYMPTOM_1781e759516c,Symptom
COMPOUND_3830239d12ca,SYMPTOM_7c9145c4a20c,SYMPTOM_01a89e9be65b,Symptom
COMPOUND_3830239d12ca,SYMPTOM_7c9145c4a20c,SYMPTOM_0ebf3cbae989,Symptom
COMPOUND_3830239d12ca,SYMPTOM_7c9145c4a20c,SYMPTOM_0f70f3b506e2,Symptom
COMPOUND_3830239d12ca,SYMPTOM_7c9145c4a20c,SYMPTOM_10d012baa5e9,Symptom
COMPOUND_3830239d12ca,SYMPTOM_7c9145c4a20c,SYMPTOM_1781e759516c,Symptom
COMPOUND_43297ffa8c06,SYMPTOM_ac6155f9b05b,SYMPTOM_01a89e9be65b,Symptom
COMPOUND_43297ffa8c06,SYMPTOM_ac6155f9b05b,SYMPTOM_0ebf3cbae989,Symptom
COMPOUND_43297ffa8c06,SYMPTOM_ac6155f9b05b,SYMPTOM_0f70f3b506e2,Symptom
COMPOUND_43297ffa8c06,SYMPTOM_ac6155f9b05b,SYMPTOM_10d012baa5e9,Symptom
COMPOUND_43297ffa8c06,SYMPTOM_ac6155f9b05b,SYMPTOM_1781e759516c,Symptom
COMPOUND_43297ffa8c06,SYMPTOM_7c9145c4a20c,SYMPTOM_01a89e9be65b,Symptom
COMPOUND_43297ffa8c06,SYMPTOM_7c9145c4a20c,SYMPTOM_0ebf3cbae989,Symptom
COMPOUND_43297ffa8c06,SYMPTOM_7c9145c4a20c,SYMPTOM_0f70f3b506e2,Symptom
COMPOUND_43297ffa8c06,SYMPTOM_7c9145c4a20c,SYMPTOM_10d012baa5e9,Symptom
COMPOUND_43297ffa8c06,SYMPTOM_7c9145c4a20c,SYMPTOM_1781e759516c,Symptom
